email,fname,lname,mobile
fee189e56e88548a3646.5f473f@hotmail.com,DNLGSARHQDR,JSBEXJFJCEH,+639273710560
adf2239f8a6f5d_0fec3d@yahoo.com,VJEZSAT,TQGTVEYAL,+639287703748
F0B06A090A93B1280196ED_BBA989EB96949DB7445456D826@HOTMAIL.COM,ZUU,ETVJ,+639174466327
04a134a84b.f27225626bc707bd5483@hotmail.com,LQDPEAWEOZGX,BOTTIWANTZDGRN,+639164774445
43950ef3.cc4d836c4452673a@protonmail.com,IAUTQBQ,WVGSTWJWYFXK,+639077058536
a1d6c65ca83f275b96965d9e9aa8ed8d668534@protonmail.com,BTING,GMZMKXDVEE,+639176704655
70529A90.80E9C06D98E1B0726B@PROTONMAIL.COM,QRH,VFSLYSHWC,+639452089307
7E7141D94A8BB6E0CF38_6A6945C339FF0EA9@GMAIL.COM,UILVXOLPXUY,GBHMZUVBA,+639079646142
2536d063ec7abf92e6b1.bb521d7f940625@hotmail.com,GZWLBEMBB,KKUHPGNW,9087091471
34f0bbba6945b9795e_4e2115528a@yahoo.com,BVETXRSDD,ZM,+639164592571
e1de6847527e_488af4e47663c62b44cb@yahoo.com,TLEL,JQWBZN,+639274847331
fb311caabf73c82cdfdf5d_daf610@hotmail.com,VAXAASVLTRJ,ZIOTCWI,+639078787057
3CE2132F4A80E22F99.26363E1F@PROTONMAIL.COM,MIVGYDVHWMT,GSTTATEQGMIVR,+639253702155
a79ce85ea61a1ec553e0ce.682f698d560ee4@yahoo.com,LFNLLDH,FYBDQDBUPHTY,+639378756389
d4d9761246_e73fc5ded6f9390d59@hotmail.com,FWEOQYJTMV,BZUHAP,+639265928891
9c54e9dca735394340af.1777288c65366311410459@gmail.com,GXNI,SEZLNIY,+639162721964
e134a2c66c_45cf291b2d770f02c56faf668f@yahoo.com,GWQAIUZ,AZLXUPYHL,+639168524456
4e4c0676a38b11ab693e3cf1.66c5202a0c4dd09f@hotmail.com,BSGME,WSDM,09361279435
97FC1E9C71_3EE16110BC5B6BE258FBEBD6@HOTMAIL.COM,OYGIDWRKKU,CHDSCDBHZQEMTE,+639381845070
3b094c97f1b1f1ff3b412544a050f3b976b42f@hotmail.com,DYLMU,WFLNMEYVOR,09189834424
aec2ca0bb0bc1ff902_324f@hotmail.com,VKC,VYEQISSQNCPH,639465678133
c75a92e6c918bbc0a3_28e23e81d63989@gmail.com,ECFQJLNWOREJ,YV,+639269942589
c6cf41fbdbe8b901cce146_0185@protonmail.com,XZZRSHKNLIVR,JJZCCSVMGQWHAB,+639253696177
115a2985ba_ac3715f8071d323c@hotmail.com,YBB,BYKAVBPOHIVKZ,9379906610
aff63c1f1beb2f2872_15659857@yahoo.com,NXWZMARHC,HGZXVIFAKUKGTF,+639162834516
6d4331d4ebca4ecdac11@hotmail.com,RTDPRPM,HKMIJYRTE,+639362788026
f6430a223a80cd5e_b6bd9b10aa1fdd3ef83a67@hotmail.com,MCJDRX,MVRSQTLGQ,+639277429736
1c185b2a29eb.1f63c6ee01314ba57c03dba0db9c@hotmail.com,APKOEGY,BHNDEOKNW,+639072867906
e4e7e99281.942dc38fc1699a@gmail.com,FBWLMTZ,QSITA,+639479510743
e0078bd1894172b68ead_d9ad63afbf16522f9d1975f3@yahoo.com,WQYTM,VAUP,09077309013
0972de7412e55f6bd54d73c2606d@protonmail.com,BJQTMEEU,UTNSKUSF,+639159382270
4ef93a8eaf4de132@gmail.com,ZFAMMDIQ,BRIYHOOGYGW,09055734396
8fde8501f0c440_8a705551097926a339aa@protonmail.com,SOMESSAG,AW,639069966779
4aaa80459613.d46b194f0cdb1a@hotmail.com,PIJXXIQPZRXU,KEQGZ,+639372025805
5d00715ab69f0fbbf4.67e841@hotmail.com,POP,OF,639462339820
AB81B4C60096B33C8202F434A586D96817@YAHOO.COM,WCCSGRAU,LBHVQPFRBDKUHX,+639178808582
3b0641b5f830074a9c_55948f3e2ecb@protonmail.com,ZXVSU,OXCYTLBLXISRQ,+639089465419
c2eddb8f1e49319de0dc54bfd7e9367820b754f42f5f@hotmail.com,TVVJYYTS,IO,+639169959497
543d9794763231ca@protonmail.com,AAMPXAIHQ,VPZWPHEOUKAW,+639279436054
bdc5bdd72dff83ec531c0eea_34179af302b5043b40d4@protonmail.com,DOO,NELPCI,09358766752
f7a5100a2bf5445c34804eb9_c9e4@yahoo.com,BONYZ,IHYHICK,0938 598 1947
8065135f80850e3886417e2c45d0f62abf@protonmail.com,IFOCPSUCLHPG,PFAJVW,+639171453252
888AF127E5B7109346E882.8C2F0B3A7A04455557CA46@HOTMAIL.COM,SRFXTOI,TNJT,+639183231425
083a43d128_91250293a48c9a81ce394c9beadd@protonmail.com,NBAOHSAIG,UFPUUK,+639481965497
675f82ba97768eb2.df16d60b80@gmail.com,NQEMNWG,SBJTWEGACQ,9454218672
4f2dea428a93c4908b_b7f71a8d@hotmail.com,EEHRXDH,DHPFS,+639166595811
0dfd4c0db7ecd0bd23285d893ac2aa@hotmail.com,QCTMAKBI,BSNALCW,+639065332083
53abacc42c833b3ceafda9506f5f52ba999f739b@protonmail.com,QDIHQLWI,VJ,+639176315609
bd0f3731cf954bb12b.b5794ad9608c607f@protonmail.com,DYLQD,ARWMLCRUXQ,+639079994098
85dd7821f12f65a5b13f_a3c9b308a5a093a2c401@protonmail.com,SUHZXABDMYU,LEWTM,+639281996069
6af48fccb3_640e@hotmail.com,TAOZS,NNLKA,+639186089186
adfe1d281e8a51d0c43d3ebdeb6b14@gmail.com,TESLA,CXMEOFI,+639284629089
c5628d.1a25212910b04efc3b@protonmail.com,FJFAUYT,JWFUQNAJOKTTF,+639282160703
55a83f9eca7c1e62da2a_fc67811def853c874cd6d503@yahoo.com,QEKWITD,ERVPJZO,+639182471379
353b8fff.5558edeb84dba4@protonmail.com,ONDTFX,TAF,+639069918088
72bc685b.17476b58582f2087cda380eb5391@hotmail.com,HDLWLEY,IJQ,+639389363725
22989a43e846e5.35018fdc3a5b@protonmail.com,QLNGIPVPZKTD,RHCSCNYCJQ,+639088270683
84D4AA13D52401DCD2DCAED7F78F9371240C0237@GMAIL.COM,BBEB,DXXLOGSZOQR,+639057541194
0fad86_f1ba9397581c40b682@protonmail.com,GVEDCQCOF,MDD,+639177543774
61745850dd_3db84de7808814d94f5b6e@protonmail.com,QCFMQM,FGLQNSXACC,+639464203079
a6e2ba_1c3c87f79d5e252d6bdc@protonmail.com,RRUFTNHQ,PLXPBROTF,9277795454
0730d49803cb1637da61fd.99a73c43f4@gmail.com,VEDRINWQJYAT,QBGXCY,+639384941426
bbf6458cf7ee767adffbea87d6f7e1@yahoo.com,KPHHRTNZY,EMJAGDFILCIQ,+639156841294
baa53141db534c2ea57c5b.7c0038daebc8e5@protonmail.com,VJEMW,ADHQMZEZ,+639285367545
9c5e6492ebb9b70eb7b839.f1a60a158e920b@yahoo.com,BXCKQDDGWXQS,CFXER,+639278501656
2a4d018cc519e9ff4bca2e@protonmail.com,VVKYXAHTACI,MIKTPNYPM,9088979517
de7d0502a73ff07d459d23a6.5ca836930b8147@hotmail.com,UMLNUGLTOQK,SP,+639376211491
c3c7b3.47d0@gmail.com,VXNW,UDCBQWISUL,+639468636641
4138313759a0521ef2f728753117194e40319d10@hotmail.com,MILRHLLFTRBM,VRDL,+639163007566
e68bbdc9cb4f7237.fa55fde08bf7@yahoo.com,ISRARBKLMS,MMYCZURA,+639377198959
c0277e4165cbe3da2276_70ea859bb40fdbf9@yahoo.com,YOSOMOGPIRKQ,WE,+639462252593
c7bff11586dd21af1878f5.db7695fa7675553aaacaa93e433f@gmail.com,SLLWB,LJSQOLWBJ,+639362384841
33ab48cdd040c1.ddd8a362808434837724ca@hotmail.com,EKGGVL,IVTEAXWTM,0915 490 5016
42239fa8eb32ef_0f7119@gmail.com,RREN,HQXTBSU,+639267327699
ab417b1dac33.5fce@gmail.com,ENRMNTEFBDNU,LVOUFVMIPRU,+639188363358
634BC6A746695F4D0F3B59665C69A3@YAHOO.COM,JTSVOYCOYJO,OG,+639276774475
157636ed977612af91@protonmail.com,HRR,GY,+639168376046
1A9149AC7A_6BE0E828E78981F36A@YAHOO.COM,VLEYSYAARYWS,KSF,+639461806636
d4b6b6a4cbd28f70.772e957bdd2ef87936d2@yahoo.com,KUOICCRV,GFECHRBCDFMCY,+639157291305
9CEECB778A8E2F29D2F2.56EE@HOTMAIL.COM,XTSNQ,AEUXJWQQKCM,+639188813079
1996D63C43.858F0F7C1CEC@HOTMAIL.COM,QWTUA,YNWVGFZE,+639483878324
8289E3AF1D14682EE5BB6D.C4480850B09199@HOTMAIL.COM,FDFOQTZWFTE,COYG,+639051643585
a2f83570.43933c12046171c9d01c5e297358@yahoo.com,IHITBEOOUJG,WGWHZ,09381068118
573F359FF9_6625343536E2B40A2D7EF008@PROTONMAIL.COM,MLIINMP,BWPQTXOMKXKMDK,+639073097725
247c1bbb692f5043985641e4.8fbab7dc30bec854a5@gmail.com,JEHYYU,XDA,+639274559231
8530239a928605421de5d94b_80cc7d52b7@gmail.com,BQVHCKJDLR,NCVZNTXNMJ,+639254733019
7606ea3c0cc938dba472@protonmail.com,CYPVJHLBZQ,ZXIH,+639174671448
1822978796c20f3f4c5f5c33de19f2f50170b922ffd233@gmail.com,TOXYHZGA,PXCVINR,+639268398055
3efb423d4386@hotmail.com,HUVCKCQU,VXCH,639163188179
4fa6e6b246b329118744c9@gmail.com,BFI,FTYRJIGVYQPUT,+639474844625
dc95cab1eaa2b3706770ac_950a666d47cdec19d091@protonmail.com,HWA,ISYBCIG,+639258157557
bdd0c5e3810d83c03c17_e17bb0ea08@hotmail.com,VUHCZCZCP,QDRKGJGLPX,+639053809688
82DB4CA1411DD152079738E579721C16301BF0BA60@PROTONMAIL.COM,AID,AYOKJER,+639378530112
9347B2FB76.FB6C72A2E5DFC100@YAHOO.COM,URZUJCAAAPTN,HLNUPDDW,+639158406357
c26e0095_1e2d8ec51ea67e0f@yahoo.com,UMBXYH,JGWQFOFUJH,+639287120843
caf2ec9c48b0_19ad532aa36a20@hotmail.com,PCAJFPIDBZE,GXJDCJSCZOK,+639372686067
C919092F.62FA2A7F35CB1C1BE9@HOTMAIL.COM,JZWAKEYAYCS,IGUJVGFWUQNY,+639288998034
A2F79B310492A4328E7342FB819ADBA2@PROTONMAIL.COM,AMHTQ,OCIGLGBXILHCL,+639477439076
34C49103.8799@HOTMAIL.COM,NYATJ,WJANWNFLZUCYV,+639362208113
7f8ab7e79159bb055adee4_c43d6a714034f6162e@yahoo.com,ACLBCRZSU,CZ,9465121230
d4e7227e.c117daeed832bc9923e2@gmail.com,NJUDZBNL,VGK,+639065179796
fe5e24ee6683cd26ab83135f31af29031f@protonmail.com,CGFB,DDBYCTINCHRS,639288397272
99e76630e11a6d4153.764eee81e58d789d3bd27ce1@protonmail.com,EFGDDV,ZRWPFIHOVEZ,+639174273884
FB70CE5E2C02F186A397C0_93257B89781E0E304EF41E2C05DF@PROTONMAIL.COM,XPKPAAU,LHDGVRNGZCBRS,+639355004731
55bfabfe8cc28781f1347201e9d0a0a20a92@yahoo.com,WLMPXVSQOGIK,NGU,+639375554430
C3ABA6F323C194AD8BC327F3.4503215D66E609DB277F53@PROTONMAIL.COM,MHNT,EJNPFNHLI,+639054014836
9b023e5a_599ee5@hotmail.com,UZYRBDDNNCE,JTALIXTAC,+639483782114
abfcb554ceb1_cfad2a4f896696a2a2cea2d997@gmail.com,JLEZLV,WPMAH,+639161603865
f1e9a7.87f9741b9e13cf6d6f@protonmail.com,ESHXMHR,TTFSLBPOZY,9267215046
7f2a095b5c4b4c_d8790a30a4e1df0c9ed15a@gmail.com,FZSPPMKPV,BURJG,+639072671714
a02a8d81bdc561cc439d30_ba708fa5976c@gmail.com,XWYBDWRIVN,PMQWUBMDABUZE,+639455135446
F862DB773B4677B2A87110_598C48@GMAIL.COM,CVKUZVZZEN,LYDXUZMCUKYEKF,+639258989676
9ceb7b086527aa312a95e46e.296656@hotmail.com,VHAF,DYNXZZQJPZH,+639484077444
5b2856c1e2ad13ff0275916d@yahoo.com,CKRDMAS,ECBTYSWKIYZZKV,+639159765743
f6150475562aa7dd24b1da@hotmail.com,GIDV,GOD,+639368669983
4ff38a96960bfeb4993f23.243a3c4219cbc1a5@hotmail.com,KEKEC,FYVDHB,+639069378969
985BC49A8602BBBB9501BAEE_BD5D@GMAIL.COM,JNJDGHBY,QWMBIL,+639281995296
804CD882175E7DBD_5A2F@PROTONMAIL.COM,TQELRDJXWTN,VJVJORBGZ,+639184028107
EC5189747A043D6BE5E049F941@YAHOO.COM,MXVZNJOPVJZM,XQFDBP,+639079639660
35FD9D40159C6979C9_7136@HOTMAIL.COM,ZHZXGAYLIPA,TFNZUAUTF,+639055789192
e1c42814e3a4a653a4480aea.c318e872@hotmail.com,QOALBERWOWN,QAEFQB,+639269864155
07c32f9943b543b2dba88af3@hotmail.com,XBJOZTD,UW,9473356532
99ea268575988b40@hotmail.com,SDIDXVHB,WVDO,+639077835265
a1a64f16de2bebb6a9.543ec1e6b62bfb@hotmail.com,STG,MWJEXRYPLLY,+639378853757
52b30d863185d8762c250d856d575c@yahoo.com,VZNSHQWNRYLJ,GFC,+639059517075
ae64b98d9c0f6173_64c2bdcd65ee@hotmail.com,ZWONFUNPJJ,VVGUCQILJIARDF,+639077204923
0b5733d7460c3df9_f101975454d58ee8@protonmail.com,VNOYDALGBIIS,FISK,+639152740698
6ced47e90c86eb1de270df02c3@hotmail.com,YACCLNHMDSAK,ZPELVBWVG,+639355978340
7b44ac4fb0ee.19df72904536@hotmail.com,OBIVXZHCZ,VYCNMAZIZVKU,639153315793
be6ec09dfe91c19b0f5dd3e3017bb7049d80997c2711@protonmail.com,KKWJXGZ,JAKWZCYKQAY,+639361327302
b5bf7e8f1b_7819316f316a740029@protonmail.com,DJFKZA,NMXVTNGS,+639157994936
23b4d00713522bda55c4f05face4d92a@yahoo.com,BHO,RXVGVOLJUZF,+639185518033
975be379a3df540e181f6dc25be85f@gmail.com,LLRREMNMFLGT,TXEE,9484799183
54b3a1d7_26b9257035558be2cabb8442@yahoo.com,PBBZJYE,UMXI,+639183339214
6c26a47801b9092150592cd780@yahoo.com,ASNSO,QJTGUTETNMB,+639178102209
e9ce71_c1d4f0dcabf922@hotmail.com,UYWJBJRED,NZOOUWI,+639389662337
e2891ad91bc2.c464cd8be3df62c4@protonmail.com,NPEST,WDNFVXEVXWEVS,+639051958273
3F470E9FE474BB15BB60.C80FA6696AD701C1991C103D6BD2@YAHOO.COM,RBWRUI,QSSGOXVAZPZQ,+639253268688
d14bad666884_560a46373dc1@yahoo.com,NLDG,GDWM,+639079734047
ce6205293f_30f1f31e80201272@hotmail.com,YHIT,FMOBVVYI,9168695323
8cd65a856a12.eb70719a76335aa6391c@hotmail.com,YVTURROTVOAP,ZKLPPSYLBUQ,+639062662314
68d7a63a17183eed_f20c3f7794a22f9fddd13af5@hotmail.com,GPOJNLJEMZ,UOKRCPVQTPJ,+639187102277
E1508A_77A656614CFAB9B292@YAHOO.COM,FBZV,YWIQOMIOL,+639287452805
75e67910805b8b494bfa928c054fd9@protonmail.com,KLHEWRU,WKJCHLZCYMIDPY,+639388971622
0e9164a68d626359a49748.4385ed75c6d312f7@protonmail.com,YPWPPIABK,JEHZFSMBKS,+639464248667
a66c0d16b47e186f081f16bb@protonmail.com,AGBPSWTFBC,QCVMIVRCRKREBI,+639266266672
7D6188.7D93@YAHOO.COM,PHLCP,YXRR,+639089191044
cb676b5dc5daa3141dc1f7e7d0586e@yahoo.com,JFMQKLNDPP,FTUPVXNVMQJYP,09167907996
29b62fbc75c251afec4ceeecc7cfcb3b7d01a86202f7e59c@hotmail.com,XLJLHXGI,CPWOJWNVIZWNTJ,0947 799 2639
b59fae818d69767a1915.7b4dbf7e5b8af5d7@protonmail.com,UGLZGFJNEV,UC,09152486367
2de1858bb20c418b9fad37505e6c05ea@protonmail.com,WYICS,ERLHWPPBM,0927 589 8893
99cbbf94279dc5ad_84333db7@gmail.com,VOIYQAGBSQE,WZFZEAHW,+639181455031
d070ac92.287ff662faa6454b74@protonmail.com,POLKFWYCBL,BGDOWQR,+639274973109
22fed18dc1eb5f7df8ed2b8631a763341c33fa@hotmail.com,HGAKGIHI,ALY,+639258760053
559546affc73d0af446b0a20.da27df3b1fefdd1ca6657345@yahoo.com,PJVHGJRTFS,NXSJGISY,+639362602805
196c247618.ce3b@protonmail.com,GHLN,XUNXT,+639269138133
04bd9e9c7322b7b0@yahoo.com,HAB,ZWQ,+639065132580
34D74455D61DB750756ADE82BECD6FE28E29ED56@YAHOO.COM,ZTPQWMCEH,GWQYH,+639175595814
c8d5dd824dc7dc33f6516a9da62c@hotmail.com,LXFRIFHLVSJ,XNO,+639387441056
4c4c7d1ac5874e.49067fda@yahoo.com,DTUWEX,XUGWTAJOPUYAM,+639479172335
abf5a960e0bf634d43892d.45345d2677f7026cc2449a@yahoo.com,EHHH,ZSAVREXCF,+639382833336
d673bfd921eea937434b32236a9521@protonmail.com,NGQXBPSP,CUOK,09254241426
ccd7c813c39a8805_61012dc63901@hotmail.com,YKSRZ,LHNGXU,+639152449167
a5f9984302.f218a162dc8185b2ae2e5ad146ab@gmail.com,VHSROLHKPLYJ,QMX,+639251949642
ab1b1691d11dd347f278d190_0ff241ac77441893db@yahoo.com,OQWYIQWCRTQ,MNDFJVRIFJZUAV,+639358233414
0642691dd4db_425763ebc9@protonmail.com,HOYDC,QVU,+639369317283
6a59887b3df38ef7a1@protonmail.com,EWDR,UEWBBFDH,+639165302424
5b6b9fe7e30a0f1229c84cc919684b7a62@yahoo.com,YCNCSFZ,VTQJEJWSSY,+639168205150
23ad9af38c.604c27b43f0f7c9e4d03c1@gmail.com,RQQ,FUJBACFFBW,+639151139172
a5f334d497ad57_f5bf83@hotmail.com,EVX,PTAXCSSGYLV,+639175078073
5aa666a1267f0478d5c3a48e_dad1@protonmail.com,MJWV,ASXVCHRDYQHN,+639464070407
d41e562f46d3.946d01@protonmail.com,CVEEFVNPPMSP,ABXQORSQDSBI,+639177335593
6e0ef1ac3d765c94b387684a_1e53d818e634@yahoo.com,QFOHPZMDGB,TZLVCRNEQIDO,+639184151610
28545384f2286abc905c.e2fbc4@yahoo.com,OWTZWBIGCY,CG,+639272161070
149F44BEF38730284D280ADF@PROTONMAIL.COM,ILV,CXQGYCLAI,+639289847514
8fc998bb8563464c54ac72f582d1153b950a41@hotmail.com,CTCBYVQIGTQ,MIDFNXCX,+639374434099
5daf2bc0_e482079f6efbd0@gmail.com,XCOXWJ,TTVAQHIHKI,+639486202718
ea66e3c6245fe71921ab_aa078b@gmail.com,TWTXIYX,PWVIAAOCDXT,+639067499320
a3386c78a53f.e8330c4ae8eb633b66@gmail.com,FNJETDXL,BPFHXMISHNM,+639476936509
094242afca@yahoo.com,RIXNVDYQQ,BQUKJLHQ,+639089520605
11a24a0c910d9c6a21ce06f3bb13aa6042c7af5db7@yahoo.com,FPEAQYLE,YPILB,+639152087891
35b7e9849287896e.e3ac81577bc3c36a12@hotmail.com,TDYGIYSUOYFD,UWPPUHZCBFV,+639282464623
839905cc012c7abbfe9862a1.0c7b3094@hotmail.com,FDTCLKPRN,MVRGRIE,+639157968545
78058171D48CB64FB0FD492C0A3D73BA0F4F5994@YAHOO.COM,KYSWLLKT,TRPIKAZNSPOLUZ,+639389571306
0d4359d5a4d9c99be999c0c3e703c819@protonmail.com,ZDDAHWJANLW,NYVGIBFJGYTI,+639475416072
4d2ae73094a627bc3beb8919e4ba@yahoo.com,FNFDDJVQLZLX,FRF,+639486310582
A47116060C40A52995DE4F3F0B99FBA0B1B42C70C99B@PROTONMAIL.COM,PRLMVJCXQQF,CHTHK,+639064919831
fc5a50f8926f3379eb431f76d54d856e65@yahoo.com,ZIV,RAVXDTTRKMVZBI,+639354983716
c57938a401b56640520f86.a1df20@protonmail.com,GOTSOT,FEPASYCFXCLROQ,+639354153449
702732bce29f_2d48bb7a35a647cd20@hotmail.com,DXYBXXIDEW,CLCEZAHZBP,+639178365788
d294a898337b06.1758513c51c6e498bb54a3@gmail.com,EMSFPFZ,BYHLTXWALJN,639266672815
DEDCE369.EBF2B2ACD99D1D877E2D6845AA43@PROTONMAIL.COM,JOPXETPBAT,LGZXN,+639387945169
81521051e3edeb14507f0a19_27eff62a37@hotmail.com,IZWLOWLWI,FQLJURXEIVAYSM,+639258284342
3ba5136c03b079.638ff7a152223dd3cf36bbcd27@protonmail.com,OJS,SQILBFRSRXJYNU,+639468164330
a03b653d578e_4600a1abbcae@gmail.com,SSMR,AGAMZQFGWK,+639058550121
fd3d16a8014a52@yahoo.com,KEVBV,RWIRGKFOEXDYB,+639355404128
660b77e2b9a19f88815c1d5646c4498a46c873d739@gmail.com,QJIYAAWW,UM,639074081720
127d91be3dfa0aef4bb8069c.b1dfad1d5586903497@protonmail.com,TRWSBCYBNY,IYTVTCNDJBE,0947 652 8978
ee09163d38a037a74d88db.09661ece3cfa@hotmail.com,LKRHGLRZ,BPRSWFO,+639351496231
6816da9efc7ab45125.b899de5ae713ddd4568104@gmail.com,QOMXCF,BIZXUYTUUDJ,+639457806790
6ce72f91f340c74375086476.677a98@protonmail.com,SLAFXFA,LKZYYW,+639288264800
30f8c3d1f7fc38e1c78bad23ec2648@gmail.com,IKV,WLR,+639354274870
24CC3B5A56A0DD14B542B7E939@PROTONMAIL.COM,NNREUHXNLNMO,JTQMSZWPROFR,+639266008546
b7acc043c430db.d5eb95c1b4a4@gmail.com,YEQACS,RBABEUCQUL,+639487911907
1539f9ad43bdc6cace50_80a1bacd692cb125787b64c7d976@gmail.com,BRQOCUZZM,IGMFNHIFBVYGXA,+639351179174
144017.d0845c8a136c0806459fd764a704@gmail.com,GYXRVCSRB,GQXHSSQB,09285407063
97243a25a5865f_c5c46f9726d4cb@yahoo.com,WVO,WNCCWPRNE,+639167649628
914bb40ee8bca0657b_10870bfe@protonmail.com,YWJ,DZPIEMXF,+639079553406
efd862f12a9421abc50efe351cde81cbb85f@gmail.com,EAN,VRJFOOTSFZRHC,+639159134628
1E13DC2717378E818C2EA73C547295@YAHOO.COM,DZMKWGFQO,TUL,+639277228600
b0b8151b5c194fe10b6ea668cb6bc39787a8@yahoo.com,MTGM,HMWKBGOBMKBL,+639168607721
e9599ceb00f8c54a@hotmail.com,OWJT,VSNCMGLNAY,+639488602207
ae815012b58c66956d69428147047a01a7d414b07c@gmail.com,GUPZZTDPCZZS,NXTA,+639261663985
d3811ac6c12c49e336ff5a6c070983387a1d3978@yahoo.com,KYKAGSWJVAQX,VWRTMQICSJT,+639456050750
728726557D2B_522533BD22220BC931E453469C86@GMAIL.COM,FFV,BDO,+639453090053
afb6b2916c1bf9cf2dd26562aea4fe@gmail.com,RLENJJLC,LDSDV,+639175220175
921616cd27_6f5bb0@yahoo.com,ZWR,MJXNZAXRMLIYP,+639367882020
298852153804f237ffc5d51f19d736ea4a021236b5@gmail.com,ILUJ,SPIWSOXWC,+639489188292
A14E0F70.AFFCD48CF606868B85@GMAIL.COM,RTVLCFHINDRS,JWYCCYVXV,+639459596520
c21ed82e66963fb1_df5636@gmail.com,ZWU,KEIAJHZEHL,639085979212
cf3cb632f8_6f243423b8@yahoo.com,PGN,HNAXDTQCKXSGF,9171195597
0FEE8B9EFAB4E03D25D1FD204757288F@GMAIL.COM,ZCGWCCD,RUTKTSAYASH,+639458585597
6b3a0111baaa_2e42a067@hotmail.com,CHYVYYQ,FMNIXTMDTMOYMK,+639273580209
55f922ecec558b5fb782_53fa55519b8e9f258f1c@hotmail.com,AYVO,HTACK,+639067458335
7030798ADF9A22805AEF05.8C70589085B47DFA0CEC151997D6@PROTONMAIL.COM,KTTTIYIWOZ,YMKBBCC,+639167280054
a50ad28851b40c5137805cc38474c1@protonmail.com,JQI,ZWIYBWKVETDORY,+639167252537
03950c36.d610d04b0167d0d93160963c9452@hotmail.com,FHOJ,HALMJNRSIYDQ,+639265937898
8259f77e_56a8f17cc5ed6a2a@hotmail.com,WJXZS,AYJKTLPGJG,+639257433608
13ad1b3ef0c3e411cbb2.320916559fc80f3403@gmail.com,CEATDRZL,EP,9183843462
eb46566226a71ddd82e9186a7e82e3ef72d4@gmail.com,KHP,CEHTNCZ,+639182804294
35fc8d71065bbe_2b30@hotmail.com,YHAU,AVOK,+639466083776
FB900F7CE349A74D81AD.C45DD761D3C1@GMAIL.COM,JSYETFPVPRE,GK,+639059076196
303dd8edf94ac0f34a11@yahoo.com,PSWXAPD,LTHIV,+639065914687
a0b547d0673d32c6d9bc44c64ce12a858c187cfa90c1d8f0@hotmail.com,ZOREXOXXLN,ZQVXJUWVKKYOON,+639462461309
d8bd02e0f24c267620d6514220a26d2c5c78f3@hotmail.com,THIE,DGS,+639081515491
3d108d57.40814ace6feb55529359201e1a24@yahoo.com,OXCULILUB,MD,+639354882220
09d5b024c0.e4196c49d97981c43aac@hotmail.com,FTUSTRO,RGSJKPRYDUQ,+639061326379
b30b5c5db92d.04a064ae7223@yahoo.com,GRRFWDHOBD,AYXGKYFYB,+639165632101
0175363c9ccddd84bea3ff9ffabf1d6427@gmail.com,DIHIUFYAK,XR,+639453273439
16e04148d4d0f1e8d72d3622605425379da608cf51e2c2@hotmail.com,RZCBTGTIDBOP,IBGLJARJ,+639052057764
c4b4393e47616b41d8_48f0636bef23f6b90045e0a6eb@protonmail.com,LAFHXO,PUXYUMMGG,+639056585717
5753a28683fe3533e3dfa5ef.bf06ccbffb78306b@hotmail.com,IILQXIEOJQF,VPCSDGJJ,+639075389857
f2917acae1f6df53269af8@gmail.com,FMFS,NBNGHMUB,9384141810
84520B0572ED754FA8.CB2729DC01F3@PROTONMAIL.COM,ELZQRVCHHDH,XWJGUFGFQHE,+639176268987
0eba837197c89661d83766d1729d66@yahoo.com,YZW,RXOXQXBNKQV,+639185739713
296c34d6ac0810eef37b6b607e6888b1@gmail.com,EYVJLQP,FTOSIJKPCRG,+639476187248
3168221d99369e_fb568418edf6@hotmail.com,EMGXHQXV,XZC,+639273375290
ef0e3fac4dbe67_fdcf302b@hotmail.com,JMNXA,VMOFBP,+639278028416
17609ebbec.1e31e78e4ae250bc@hotmail.com,IWSYJNPMVZZC,VH,+639371803169
1350ba7c5f1b6f7e834fda@gmail.com,VTBDHGXLU,QZLCVMNTQSPTS,0937 862 6229
f24e623bec6c0ac2fcdbc0e4.5eeef3ac1e@protonmail.com,NRBTSXAQQ,RQGHAWRNELDSUI,+639186526504
0716bfdf.d44d87fe@protonmail.com,ZCAKCDBZDLB,UYVBKSFU,+639173717153
F7F29668092DAC_68F4D571A699AAF74D0DC853@HOTMAIL.COM,HEU,EPZEWMSTINYO,+639464914141
d70bbda065086cc2b6eeb91db436e827@gmail.com,RFOSZKO,BHUJQHKWB,+639168112870
0315dfc36a43e5.78962815687cec@gmail.com,PHUEZPSFZP,ECAUSFXX,+639169110589
AFA103AD5F9EE11D744E68D022B1E8EA534BE04AFCEC@YAHOO.COM,AMUJHUZBFE,FPEMDREKQCU,+639378850003
3c7145d5a0af5626a6f9ca_14f831672590@gmail.com,RBBR,JRL,0938 436 1021
a082cbe512fc3fa2e264@gmail.com,RWHLP,RU,+639483606442
36aa5ee6f3fa1f0ae9319e_b61594c6fb90ec@yahoo.com,UWLERLKQ,FQJMWFELZFVNN,+639288344425
096706d1cbdd3f0233bf97391814@protonmail.com,JAENMBCJIDG,XTUQWQASS,09279378914
b5954b.2d8711bf@yahoo.com,BSO,AKYNJPFAESPSM,+639077369594
754ba46d2ba84034f60bfcce@gmail.com,XKZYBNI,KJEOEGVSTED,+639454884920
d12ce8d6f7fb77db8e.4603bdad83@hotmail.com,VSTG,UIUIPX,+639482645893
4f693328362fc7b8167d6b7860fee169@yahoo.com,WBWGBG,QRJYIDPDO,+639289185748
8DCBDB209600_D23933316B1FE8@PROTONMAIL.COM,QEDZR,FKQINFREXPATCP,+639287491391
628b4b731a395c57.179da611635297a1@hotmail.com,NSSNGXM,TXZJAZ,+639479410815
a73d93401f_4ac9b00d6d3b3d1c80c6b958de2d@hotmail.com,GCTL,WXD,09161392404
658574e38e1322dd_cec50e42@protonmail.com,SDXH,JVKCTUGQMN,+639072184089
7fb57947d5ed6189f98850e1018206@gmail.com,IDIY,UB,639352857805
87c25975e530f06197f0a4a0.1c439069a57e5c658967c8@protonmail.com,HEKDSKZJGVCC,ODUIY,+639276479132
615af8179001457744.9aad5359968023097204@yahoo.com,MYJNY,HAWXHXFI,+639269828278
1c1654ca.0aa74073@gmail.com,RRQXUTQFLAYC,VLP,+639463527856
09e616.57beac6fd642f65f@gmail.com,MZCLGFBRSIY,NDQAEBWF,+639366621037
f64783.9560685379@gmail.com,MAJEX,LAZKGLWFMH,+639488150936
9c96a0df_9119f3@protonmail.com,JBEWRX,WDMY,+639087220081
4ba27209812ef4_f34dd6dcb3736f@hotmail.com,YBIPW,KQVQE,+639272940100
6439ca25edf7778fd3898c1e.447166@gmail.com,FZQNOX,UWKQE,+639275069762
a064bc32c6.7da23db02edbec@hotmail.com,TRVBPOYCOT,QVHZCY,+639252803884
0e85a865858a_955e58c22d46@hotmail.com,EGLPNGZZU,ZCO,+639057985994
645B74994D47843A99B916059A748F65B513ED2818355EEADB1F@PROTONMAIL.COM,WIUYOKN,XGRUKTUG,+639258975337
8A0B3BE54276CFB215BF0117.735F881376899F8223@HOTMAIL.COM,JECEJKYBA,HTAVGINEHGDX,+639258231778
f664824c7ae332371c71_a39910975f82795af7@hotmail.com,FBWONVKCPAFX,NDXCOMQEIJTRS,+639369863338
8f68b7b8566be4fb04340da85fb96e64@hotmail.com,WFFBIKEHX,CQDSUKTANYR,09471720721
c44cd5b652bd080aa146f4f914c7961dbbb74abdd58896@hotmail.com,CQVYW,JPFCPRFDOB,+639279143926
e24086ef215adf_ab99c640bd30ed@gmail.com,YMB,BNSSYP,+639181597962
ABEC1E_38B365328A36744A799220C0@YAHOO.COM,COOTKDP,GHEZHGMTSTKWYG,+639476473169
ad681d.f6b8a24a20a80959de@yahoo.com,RWONFHEEGMU,SFPPNRBARXWJ,+639286525693
39a85729c9d963a143af3d1d_4aadc53976a0ba6bd65ed0fc914e@protonmail.com,ZCTKCAVIYZZ,OT,+639361344646
6b4f670a_a93b5f754f2b61fa@hotmail.com,KEMCUEWOD,EWKECZSKOI,639285464786
ef74075043@protonmail.com,UENWAOZJM,GNWQW,+639161908571
042b9fdef1.95c7aa5b@protonmail.com,BMMQGIZR,UGXPJOQNJS,+639253078768
9ea84690d7aa43e041dd.72a61f@yahoo.com,AWPWYBFD,PUDELJJTXTHDXZ,+639162654258
3387C4.F47984DE981E7198A3@HOTMAIL.COM,MCGD,JNLGS,+639052064405
89463a2f0dfada27e3@hotmail.com,EMKZZHSMBXIN,AQERTJIOW,+639459646702
a03285964d32c5219bc76505@yahoo.com,JCYJZT,UKWFLCXNHEKHQ,+639259077471
FC92EF4D872BA1D300BE.9D5974908A9753B8D41E@PROTONMAIL.COM,OPMJPMRV,IVA,+639287641110
a0d8fa2c_1d43d6942f19c2277b2f@gmail.com,BTNXDST,SFROLFNPYONS,+639285018247
64c09663e3@gmail.com,UDWONNZYRI,IHTGWUL,+639483071331
8b19830b9dd24e8c_6a21d56cea24eda0@gmail.com,CZQYRQHJZW,UPXBDUUDEHGA,+639459808833
946f39ea4183@yahoo.com,GLELXL,UHCRQIETSV,+639356269886
cfd74d519f5d_551e9986@protonmail.com,DIBKWXXI,LSTCSTYPHDLXAX,09173423714
e3567721f3d1512a7d94036ddb@protonmail.com,EKVWZUG,CPUBXNXWC,+639366719205
df245b64728d600a.d332ca07814bb969370d4e2176@gmail.com,JOQVDFBSP,UO,+639481400132
ae6a2c18a3_58b01382d87e39824c2d6323cb@yahoo.com,AHNYX,BPSKPEWZLKK,+639287537164
68f2e476df5434c69466feeaf798a1296e06fe@hotmail.com,NSVRWOOGPBOU,QK,9488145275
7ffb3317205c4c6237ec4c8f7b@gmail.com,XWZMUMX,UPDJBTIIBXBRM,+639088509059
c7817d7a68912186b4dcf3a3414b82b6099a2ecf998ec3c692@gmail.com,VKG,DSVYNLVNFKDT,+639373623959
106088b92f.a65aac56d79d@gmail.com,QCNUTFZON,GPDKT,+639486111149
14f871.d5adb63f2cf2545ea52add00aa@yahoo.com,ZIOGPDBCBN,EK,+639386555320
b8b6aa546f317fcdac3ff4b1d0d28f284c33b88a@hotmail.com,RGQWGKFFUKWC,OIGM,+639059616236
C3E4EC3531A16A7CD6556919AE96B57A1C96@HOTMAIL.COM,SXID,FNB,+639156267239
2a67cd97.54f01a49e8e6@hotmail.com,MOGEPRIKN,GZP,+639278082865
89230a7bd189c7e523219e10327e4827e03b49c8@yahoo.com,TDF,CSHTPU,+639351638822
d88865fc8c_95ab47e7a54ac7ea649a@hotmail.com,GCEVS,JDDP,+639269897679
24AAE25D.CEA57097277457387F3BBE@GMAIL.COM,MLW,EBLUI,+639187398168
688e3245ed8f1368f84ebd019f4552eed250e7d5240f86@protonmail.com,TODO,PRPM,9472975434
949ecc50b660c5_2d28@yahoo.com,VNBDIW,PML,+639257751854
4942522d966cd89502612e4e92ac46e0c014ab62@protonmail.com,YJDDKPDHXI,EEPLOWPJCTIL,+639153068306
f53eaf04b756.96715492b6c7@hotmail.com,MHEMKGNPKSS,YFKKCOOGTMD,+639054948334
2c6ec45bcb7f0bb5eff3d9.269b2f55009744d75f172c@yahoo.com,KWID,AX,+639171771207
0b01ec709f768e6041589494965e6a50@yahoo.com,NIXLXCKQ,JGVAY,+639068719883
11d5170d979d7acc.3f1914f036f614d4@yahoo.com,RJG,SLATFOOJABJVH,+639056348394
cacf6887a797bf.e72d17a496f2@hotmail.com,VJVEILQYFLRU,XHTFIXJRV,+639288324053
EDF33B810E46497F36D2E2@PROTONMAIL.COM,MHGAXHNI,FNLPVODQP,+639383404300
7efc1878fcd7b2f787a5f7.8a1da15a9bc212d11994079ffa6e@protonmail.com,XJTVP,ACFPXROE,+639358930318
73275ae613b483_bc73@hotmail.com,TIRA,DDXGXSFHJQZD,639188234345
77c4906d7dce820f64@gmail.com,RGEQOLMX,SKJG,+639065433976
5b33bbb566_0b4257cc76bc1dc7@gmail.com,HDEJGJBOTKXC,GVNOB,639467670870
4ec0da6c74da_f655562c08287cc279@protonmail.com,ZMXJZUMPQ,EDFYF,+639473666656
8e07fd0ba1809888db0d6754b4f8d1b6@yahoo.com,AGOTEKLUBIH,OQCJJUGFWGDJT,+639263162979
26C80FA7AA7B9F_CBACADA03A105106B6FA2DF9@PROTONMAIL.COM,DOPKFPZVSA,HO,+639261016271
15ebedb3f45964df77f4c2dd_00882b@protonmail.com,KTVZMLUIYNZA,BUQ,639069837928
6DD1E0EBB2B4F0_7033C20A970999@PROTONMAIL.COM,MTFI,QUQV,+639482542084
e0114ead71_97eefa50@gmail.com,JMPF,AOKDZ,+639456943932
bd19cf68b7_e51209e8ad457c7b4bde596573@gmail.com,PNKN,BETVFOIDLJWLZ,+639084243643
3c180c298404d2e212f00ee9_1a9f22@yahoo.com,FZMOYCJL,XR,+639282466461
b3ee719c0151282dbb_e58b0645cf0453addee97006fb4c@gmail.com,DIGEIOEMRZ,FEC,+639156826786
a69a43eb.cc2b2308d8ede7d5062f@hotmail.com,JYENK,PBAKXTIROH,+639484691238
9a5649183e16.101b45c83c@yahoo.com,ROLABL,GIPSVAQMYSQEE,+639055573427
256546a27ee7.86645eb16cb5154f7fb6808351@hotmail.com,LLE,IRPKVAISIOH,+639151269837
f7a4c5ac4994f461.b1128e@gmail.com,PIVHEDGG,BMUQN,+639489878605
EEFC4127EA.9086F4@PROTONMAIL.COM,JRSWN,KVUTDKWJPFFGWV,+639064942069
9745811804B0.0A3971718FBAA7A7C9C55C85@HOTMAIL.COM,BNK,QTRBRUWGDKPHWY,+639277780593
ca9a1591b86151_0b29c29ff5e379a5@gmail.com,XGXAHUJVRIE,OBULCLAV,+639168268987
ecadd97c4e22775b7e5da48c1c7d5d@gmail.com,EFDBGLA,SOHTJHS,+639267560638
0b1a4a8ba3b55dac739d.0e84e7@gmail.com,HDGX,KCGRSIAXHMZ,+639285912622
bfa8e04089343c37af3ca0@hotmail.com,JOXTDQLSJDG,UYUKQUZHSKZHY,+639465317743
8A08141E3E1033132F997686A05409CBABD46B234782FABE@YAHOO.COM,PVNPKG,KPWCFVSWPQ,+639475031268
b39284d34ac2913d924cba33.417cb6fea2260b519e@yahoo.com,ELQPMAKMX,LWZXW,+639362413017
9FEA69123907D210.2CDF91470AA3FB9AE1@GMAIL.COM,XUMHGODYP,OSCPLOE,+639087259917
511bc7512abedc20_21fe9d5b0e@protonmail.com,SHDV,FSD,9467583339
beecb9c21befb92d56262800d0eba109@yahoo.com,EEQIEJCFFHX,AFPXJIDBDEW,+639276651248
7F6FBBA1E65FAEB0B10A_2BAA@YAHOO.COM,WNENDVA,ODYKHZZFWIMO,+639279309829
6f65b2c909.2c6a45abaeedee41d4fd@gmail.com,VEJRCCWBJYRQ,MZBVZC,+639356629112
85b4c09fa411_98bd9911927ce9c35f@gmail.com,HQYWMJEMFFG,SMBODWSBYUA,+639368976669
9b4027a3f0951915c8b01cd8.25e43ab4@yahoo.com,FLOVNBAFKV,CWTQCOGWDJT,+639483201094
88fb89_28bcec8c9b084f47dfbb35@yahoo.com,HPJDY,PHTRNWS,+639283020036
1297a53596dafb98e5417445ecba@gmail.com,LQDFUJZMHWUR,EXYM,+639285944954
cf00bc7c84f5de0b46a6@protonmail.com,VEKT,EETW,+639055823576
2e936c39fecbc8c6432620fb36fcf77e925e@gmail.com,MDEOTQAC,YSDSNJSXDLGCM,+639169083323
ebea438fc3c836b5c49d5eaff24a53cd5e12e5ce6b@hotmail.com,FARJYTTZ,YRPZSISTY,+639268115503
7a2ce744_a0b49e5b6db6@hotmail.com,JWCVBTLQF,LZWFDLGX,+639262634094
9b6ab10b2e_96fe75433c871eec7cf2bd@yahoo.com,XOIVM,HK,+639483865334
C30F996904354A6C3C42400307BC2BE638@YAHOO.COM,EKFJWQZARX,TCXFVSTAM,+639181344955
289b5c_3e1fcece4bdae7@yahoo.com,OOJJSM,GZF,+639169921535
41496d9161.b0cfeb3c46@protonmail.com,TVFFLP,LCLWEDGGAKW,+639277861740
42F500FB9251EE.CE1272FC86@YAHOO.COM,CYAX,GXECPKERR,+639067166193
9583f9fb09ae.9c11@yahoo.com,TGVWDLC,DBSH,0928 239 5092
428A874332509DFC4B4591.61ED28048E7970C313E8F9E192@GMAIL.COM,UNX,NZHPKYSBVV,+639373260914
852e0c7d.eb8d63ff508e43@protonmail.com,RDLGNXV,TO,0926 641 2037
12ded67bd5e23730c9f6c9_d453b3@protonmail.com,CALPSICE,GFU,+639255477590
a421fcc186af042087a8fd70e5f89675@protonmail.com,AOWB,GCVKECA,+639086530450
42524F26.C22000@GMAIL.COM,HEJF,EAVIBEHEMDZ,+639172200172
d6d6da375bb5eabbeb943dbf_7483d4@gmail.com,SVUVUROW,IODZBEG,9356564621
b99dccc6af50832a8699.6c296829de@gmail.com,NYMUPIZ,NCILYKMEYZ,+639282764040
b64a36b3ff480f4cb676224fb3fb2456e800b2dfff@gmail.com,OGVPPAPUBCXU,QYN,+639252509829
AE4393D7AE1CF4DC59094B_4FBF@GMAIL.COM,SMSWMUVQNK,AJ,+639357052064
a57bc30e23dcfa7f.b9769969@protonmail.com,YNA,RPUSFEHFWGEYMS,+639069011792
18668E1B0903B0CE6FA9_41AEA6589C2913EE7040F6C0C7@YAHOO.COM,PGKRVRE,CWIXFUPNWPP,+639362862819
363c96_f5ee36@gmail.com,ZIOXPSGIO,QHRKWGGF,+639375334360
bdafe7a78a38f8ec528a3b95.0a266cbe2f93ea28@hotmail.com,EZAPTZPZMZF,LDQNTYEODXBGMJ,09174025859
6c451daf3767d4dfb5.0c34@gmail.com,RXFOFXGXGDZQ,CTNKOOLYIODQUM,+639154718750
aed1e5bcce024c6c021230.f31f104111@hotmail.com,TMZNZSTFWIVC,MVM,+639485195486
7cf348f84a_4d69732177ec55@yahoo.com,IULTEWZY,AXLOBDONTWGJHE,+639354643225
9973f9.deed96c646bc86@hotmail.com,FILFEXG,GLKJVFDYF,+639388954353
5363f1e5dbb9_d8dcbaaa1265@hotmail.com,IGGYVVEPLRL,LH,+639458193919
52d23e4d89b102_a8782779a5@protonmail.com,EVJNZVIU,HXFRIUNFUJNQJN,+639282365305
6A5F7921E21B3194B6909A0F4A7658D234F685D7@HOTMAIL.COM,FRCTDIMJCDF,ETOTURRBAPR,+639186864601
5c5d1d6b93bc28136c856b.0760b284d45568656aae5e0e1d24@yahoo.com,PZVWZ,ZRCODKHKC,+639386282546
1DC2415653A7F6EA9912315959CFF465@GMAIL.COM,QSCHAMK,YLTWKGEDZTKY,+639286753402
17c0d8b6_de1ead5fd840@yahoo.com,OOAUQ,LOIQTIXZDP,+639173042982
635fc4fa67653f1cd326b7280a8e80dd@hotmail.com,IRZ,BXTABVYBVXRNA,09174406794
c759e10b68a9d2ac9e83e2e6@protonmail.com,KIBLRDPT,YZVNBTXWPDVPHR,+639163057994
1D2830417A69478E013B72584ADB194CD5@PROTONMAIL.COM,OSQQXBF,MRCY,+639056921186
32b34852a2a241d072bbf33952f1978ccb7ca984e14dcc@gmail.com,CZQOCNNDENXK,HVTTUQQ,+639268205193
9ca7972fbb1edc_888d35912cb69e2f11a9c8c7@gmail.com,MMCUSFOT,KAWGAOUQMACBDW,+639279383410
356f3dfaf9e5f5cc85@gmail.com,TQQYGTBHMTO,QEDBICM,+639168507049
90c6a10650_432c3a933af69723df@yahoo.com,XMTFPTVVW,SABHUDNTKMDVF,639169872890
a5fb19d70df84b8f6533fc@gmail.com,LBC,ISEKGKJBSRGXD,09082964271
F49F809D2DE5B7_0C5ACC7A83176A923AFE@HOTMAIL.COM,EQJJFNWPESY,YPMG,+639467316672
522215dfa4520eacb87f78@gmail.com,CCSLKQMTLCXY,UZHQ,+639058062282
1659c537bee53ef3df_796a1f46a020a31f6f@yahoo.com,HALEBDSRSRJ,VYTOEZPS,+639186272164
a7e524b037.bfa6fe8414b2cccf@yahoo.com,YCS,ETVDWVYGDO,+639379732089
3b6942997259515b7a36f67060f6179251@protonmail.com,LYME,DLJX,639064432501
bfc6fac768_699c32b18c5c113737b2c0ff@yahoo.com,YSKWZUGJPRQ,QDCYNERD,+639182933495
d56db8a879589a8bed4e90_23e70aaa629fcef1cd@gmail.com,OVJYQSISWXAR,WR,+639357210458
208abf257eea0485f66e22480c267fc9237690c1ad@yahoo.com,DOSCADQKY,YAFGHOACJV,+639383078467
39102b5b3fe9c55d.d14ee34a98837ab3d781@yahoo.com,ENAWHZPBCAXL,DXBFFXSZ,+639383296741
9c6621a6.c90e50210d988b7a16@gmail.com,ZFXHSSHF,OTK,+639058547221
8d89bf00697a7bcc700cba11_7caa4a23aaa34886@yahoo.com,SVSN,OMIKGBP,+639479972692
eef8bc0e87_7520e6bbe6913f94@yahoo.com,MNAXGRSNFR,LHBVIDZZFUX,09187212605
80A6E97CDDA234E6F46FF36887CEA10EB2D078E1@HOTMAIL.COM,GJSTGU,EMMIBHKEESTA,+639376959205
146be8d9d4363f91_3f4bc73974a203e0@protonmail.com,TXY,WLUIR,+639257939054
222DF317E66A335527.BA78B16EE174A20B4CFA@YAHOO.COM,DRRIUA,UVZYSBYQPGZPTC,+639064501323
e7b3a034fa82d308e2.6f1a1b3b3371@hotmail.com,JDLKMSANM,YRSXDRRCROUDUY,+639188475009
86d80c8e0e34.22a62a46c19e@hotmail.com,LZIFHOSG,AG,+639165598749
5FC2B12578BA05_55ADDC1B03D1F2823D61C594D1A0@YAHOO.COM,QWBPVHKHVGG,LLSRGTPSMRXFRY,+639483933131
e9b457_43bb105d3e4ab419fb1540@protonmail.com,MCUZHPW,PICUFZJZM,+639284843398
5b78d8e7e4_6f3befe23b80@yahoo.com,FGQD,WJXSERWQHVJ,+639362560019
D8EB0544.2CF2606D2F@YAHOO.COM,SCK,PNADBCA,+639356720484
82e33411347efbe1_f25d0e@hotmail.com,YCZDOF,QG,9268607976
0b1d0479.5d5ff940674f5ad9@yahoo.com,LJXENREEHU,IN,+639053794668
e320bc3eebed5c4623c8.02e022@hotmail.com,BQIPFZCEGEEU,GHZLCXXHV,+639168755900
12461b77d485b840@yahoo.com,YCEKGDY,UUENZHIRAM,+639366004202
e28d7e90_33f6e3dc85@gmail.com,NVMDOI,SNTME,+639165589222
f1f1af74_322cb061e88c3a@protonmail.com,MRTWMWB,QLCT,+639159202343
0aa3f751_095d2ba4a3d35fc6a3d01b@gmail.com,KMZJAKHZ,TSTND,09265036938
3edbc9fcae79d575@protonmail.com,HTYSUVHAIZ,RFMP,0948 341 8642
83c21df9f87751e76f81.36b04cc013f08db0421b@gmail.com,JFJJJ,CCMDZAEGMF,+639281550073
43450693bf5f3a3a7f_9c40690bd6ace57e992c0b@gmail.com,UKULID,YAFRE,+639485933851
b74cf579b7.91fa9572af87@protonmail.com,GOURW,IHNAEFBZAB,+639065344134
b3bad4c1_dafe27276f8d0b40@yahoo.com,JFDWMMZGW,VHUK,+639378920608
e77106f2f48f6fbc.5f48c4a5c3f0f8bbc311@protonmail.com,KCVDGSHRJT,OMNWG,+639161408568
5ed1847b564b30dd47747fd2.8af92eca027e54cf2dc3@gmail.com,LWKURKDJHKND,OZUYJXLS,+639181230558
b9b601e8af.b31bb35ab855376b2ce4c610cf@gmail.com,VFYNCIUZ,PDAGRIGVTAGRDO,0928 417 6646
b6c6976435_d3e59339785e23c1f17b2c6e@yahoo.com,GXIIFYAS,QHDMASXHSE,+639089899699
48AA0504DDC853AC7295A5.2D877FEAB9939CB5153E0CA819@HOTMAIL.COM,TFSVAJDB,YDPDRZ,+639058120900
e96f2dee8815227d1321c732.f0c095e5d52fa01a@yahoo.com,BOVISE,XWVRQF,+639068391508
6389dd_e52f81fba7fa2fcbb77f@gmail.com,PQKVTQLDIH,OPH,+639069570626
20112ee54ef88e8c4166.a22c8ef3642f@yahoo.com,TIIE,XZSRFX,+639469242577
d43630909ff274.3ef231@protonmail.com,OWOHNNVURKVA,BMUUCUVITVCM,+639284988499
7840f96bd68404_df4a1f65865322df98@gmail.com,GNFYAJNGLP,ZLEPQZ,+639451398466
a3bb3111d6_f033c04c6347445fff@hotmail.com,LRDHWBM,JYMPXECWUXEZUR,+639264396679
14899c94cd88c4.75ccd91c04be3136@yahoo.com,KEXSLT,XIXDGJ,+639487188224
0b6ca80a0b7827afc8_9c06a31a50ae8f99ba95@protonmail.com,XWODWYQWX,ITDTQF,+639352004340
8e1a970dd88c036ff881a4ce4a1c@hotmail.com,XST,LMYFQAGJLZSND,+639362274167
2c733d5feb689adc.45c4fd72@yahoo.com,MSAPKKRVR,FULN,+639289247455
491333.3f73e8da@hotmail.com,JECII,ZYSBYLZGKH,9479972820
7f6cde4bc9a731a54b3c.c792c26fb9c47e4ab651c3fb4b@gmail.com,RMV,UX,0947 637 4868
7B51F140D6E2F6C9_021C5D92A171895C6B9D30@HOTMAIL.COM,NKPTEQYOWYLV,JQ,+639266752190
da74902dd61f11d3c534fd26_4153b8cef1@yahoo.com,OUXJ,WTQFLNKYIUKHEQ,+639375972014
747cc1e5db8051.a25a81ebe4fb97350bd5526a58@gmail.com,ZSVWSKIYLT,VWZONO,+639269165434
f002e15255_3255@protonmail.com,OZFLIUN,DFPJYQNSX,+639288872226
4b7202639e3f782a16e555a0.85a5d4e48665de7ed3ddd96c0493@yahoo.com,OUAX,YIJUGBDGM,+639454778985
9fb02626.2ad185@protonmail.com,YLZAFWBJY,SKWXUQXIVBVOA,+639252905056
6bac4e0d933c87_24b83a8eb3f2@yahoo.com,IXOYZBUEVUZR,HPBOCIEGWPT,+639168391322
28aa1591.88c019b2c9f08e@gmail.com,NOIANALEAUDY,DIWWWPE,+639054627284
ead1b3361580de7a55964bae7242a9aa8092@yahoo.com,YMSGCQT,DZSRKLBIQ,+639158823062
e7fad7a4c79cb620bf4b60ef_4fd7396bf858@protonmail.com,OZA,FKFBNQU,09262932933
cf990802f0690e90a7aa_c0ed22fa98365344@protonmail.com,QHU,QMH,+639267907403
a5aaa6e6_7dd81b@gmail.com,MOCILTQXNV,XQINCPUUO,+639461464880
3c69f30abc6ae0e1479d4b.2d44883979d5956e816f6b1855@protonmail.com,UDIJR,QWEKIT,09386894783
4e1dcbba4d63c716b0587b1ff424ca81ac4fbcaa@yahoo.com,HUWWJR,OECHXK,+639452141606
aeec51366cebd8_a06f7227@hotmail.com,UQKMAXMOLZRS,SQYWZESXNQZ,+639352595897
3c0b296a6e91278fea.63349a29529eb81e@protonmail.com,ZPYSOYBWRCJS,FZ,+639059573741
3f6211415584881d27f5@hotmail.com,NPUA,DQCPAVQDHUQUGJ,0947 518 3164
E8E39592A0_FF1712FAB202@HOTMAIL.COM,UBELGCDEQLK,SMFJDDM,+639175172457
3BEA8A30E70B3E7100E667E83D@HOTMAIL.COM,AJYFTEUVJ,ACSLYLNIEE,+639277382789
724598b22be0c5475115c1b396ce456f@yahoo.com,HLDFZTC,DROVGSHJWVSRHW,09175210655
D5BEFD0850FF20AD639EF0BD96@PROTONMAIL.COM,WAAZVZUTMKU,USSHEXZQXYRFJG,+639262972800
eb475a3eaad4.d52820c7@hotmail.com,OYTTGNG,IKXFMEVPP,+639364283146
713491b37947ad29ebfb9c4c8a748a353712@protonmail.com,NEBNOYBSBUR,XEK,+639183757328
10F2CDA34C8C1121212506@HOTMAIL.COM,RNIH,CPVNBYYKW,+639069635737
66ea0609844cab0d621183.ed969a038ed299320c@gmail.com,TBZXDEFGZIZ,ZEQQALLEGXMHW,+639486662672
384127d5.a24665dacadbfc47@protonmail.com,NEOYD,IVUQB,+639483400819
ea60d5fa09eac06521ad0c983d583201e4f80db8@hotmail.com,IJKW,BCGUFXZW,0925 650 5033
0080f5feb2f2402c2e4e36ac90808272@hotmail.com,ZLIG,LGHQAGHTUH,+639162783853
1cb0e2cc978252_9ce6f022c1c520bfcad6e86e@yahoo.com,HFF,XOV,9061368198
d68ca55aec.d064afc7cd672bcf86a468@hotmail.com,HGFHAQEPPX,AZKNCOC,+639355781490
c84701f1f12f0f9260@yahoo.com,GXKD,SHLCSWCSDEO,+639459280604
7f94498db2d70ef69bdfd8c71a68c47d6f96@hotmail.com,LAPWOLWQNT,UGARVINNW,+639177572711
7b20bb994213.ee878b3d1054@hotmail.com,YNWINZ,HDOX,+639179092902
a2f145dc0fe437.762fb3c3296c2fc0ce83d0@gmail.com,KOSJES,TJ,+639181216457
606EE39D4AD79DDC_DE2A1572@PROTONMAIL.COM,SJR,QJHZREC,+639363338690
8c32c35657@gmail.com,GYCU,MFGJRNNK,9171019460
1072b8654564c8387d_3d50309ac5d2ed3f62491d@yahoo.com,JOZIW,FIRTU,9478108084
54aada62fb90f8_8120@hotmail.com,KPD,LNVHNFJ,+639051690805
b5687324065ecfca08c89bff68b0aa50b2d8b5e0@yahoo.com,ARSXVSEBFB,WKSIYREXW,+639084517747
a568ba0910a0391fe6e1_83667aeb08e2df8de5@gmail.com,CPFDI,WOBTXLYGFC,+639285621960
e4d047279ac60d40de43165c5f0bce7fda6b2c@yahoo.com,QGBX,EBDLWUCFJWQDG,+639372802926
52D91065F6D7045C9F8AA727FB@GMAIL.COM,EDM,AMKC,+639252081267
22AB2B81146AF321633E2D.83C80A881A854F455DEB90@HOTMAIL.COM,HZEHK,KZGNSICPWAY,+639071733015
b19f41e8eed9b4ab1f42a1bd567deceed7a8@protonmail.com,QCLCMOTQ,EJRNWDKVUQVXU,09176971246
97008f34217028474311a0732d7b74@yahoo.com,TIPOSOJNZB,KXTL,+639161832409
