email,fname,lname,mobile
918005_4299819cb7@yahoo.com,RLDZ,JZHRSDMOPQED,+639467951772
75e67910805b8b494bfa928c054fd9@protonmail.com,KLHEWRU,WKJCHLZCYMIDPY,9388971622
a2981745_42fd13c44c@protonmail.com,YKIQOIVVDRF,BYA,+639081333044
6ce72f91f340c74375086476.677a98@protonmail.com,SLAFXFA,LKZYYW,+639288264800
a9cd54f1f9fade4cf3cf45ab.239a@hotmail.com,GGKDD,CYTNZ,0935 577 9215
eec138a04eece7e09f9c.843e9b1f7339cd9826cfaaac@protonmail.com,RGH,GXEPC,+639451491244
c5628d.1a25212910b04efc3b@protonmail.com,FJFAUYT,JWFUQNAJOKTTF,+639282160703
24aae25d.cea57097277457387f3bbe@gmail.com,MLW,EBLUI,+639187398168
5ed1847b564b30dd47747fd2.8af92eca027e54cf2dc3@gmail.com,LWKURKDJHKND,OZUYJXLS,+639181230558
1d710b10143b_226ed077b996e750c9d9a08dcd03@hotmail.com,UABCETJ,SKYAKS,+639483731983
79cff3e6ee4f85.d3f8f54e1140797ef5248d@yahoo.com,XOPL,ZKP,+639053231842
688E3245ED8F1368F84EBD019F4552EED250E7D5240F86@PROTONMAIL.COM,TODO,PRPM,+639472975434
9c6621a6.c90e50210d988b7a16@gmail.com,ZFXHSSHF,OTK,+639058547221
d66c406b427d973f45fee3500384eeae496e@yahoo.com,GQPXQDCOF,CSO,+639089030470
cc23d6.534292699e206566f7f1c938@gmail.com,AKKK,QNPXZDY,+639382212417
77c4906d7dce820f64@gmail.com,RGEQOLMX,SKJG,09065433976
1297a53596dafb98e5417445ecba@gmail.com,LQDFUJZMHWUR,EXYM,+639285944954
C83190408F55A3E36F52.62138F2761F164@HOTMAIL.COM,TFTHCTRORHYH,XPJZBOYZBBR,+639355866642
0bc5aedf27b599415eeefefc@hotmail.com,XDTVKU,XHINQDFWWTDQR,+639357177628
5fc2b12578ba05_55addc1b03d1f2823d61c594d1a0@yahoo.com,QWBPVHKHVGG,LLSRGTPSMRXFRY,09483933131
bf7f00f9257d21ee6cde@yahoo.com,CXNDDHQ,BVUGWBCOQZ,+639462864851
5E33BAF812AD8A573441DB80_409621E3527D3A5C9582A7EBBC@YAHOO.COM,PNHWD,FEW,+639361873008
d673bfd921eea937434b32236a9521@protonmail.com,NGQXBPSP,CUOK,+639254241426
963d9ef01598a34f0eb5e052fbcc05@hotmail.com,AQKTYJCYF,VNINSNI,+639465420575
70529A90.80E9C06D98E1B0726B@PROTONMAIL.COM,QRH,VFSLYSHWC,+639452089307
04d77367c5c70eaf.884d74af6f1f@protonmail.com,QZXKEJJT,ROCIBS,0918 870 1790
5f0eeee8.08fe7d939fbaae6fbfdc@protonmail.com,GMOHIYBFAEV,QEQNMJW,+639066693867
628b4b731a395c57.179da611635297a1@hotmail.com,NSSNGXM,TXZJAZ,0947 941 0815
dd0a1707.73d0d74a0e3c@protonmail.com,TINX,YNEYOX,+639361785465
3b4c3bee16cb0248693c9b98055760ff9eb33705@protonmail.com,NUQCJYQG,UN,+639463728553
a7719abe_db79afbf09@yahoo.com,BBCKYFDAGILH,NCJRSGLKEIM,9085024718
c759e10b68a9d2ac9e83e2e6@protonmail.com,KIBLRDPT,YZVNBTXWPDVPHR,639163057994
58B7EAF1FEF4EC6A.3C361B@YAHOO.COM,AQJPNB,XVNSTSKVW,+639184213662
d68ca55aec.d064afc7cd672bcf86a468@hotmail.com,HGFHAQEPPX,AZKNCOC,09355781490
fa3613701d3237e1d8717bd04cfb@hotmail.com,METEKS,WYWHIKNQDVWDZ,+639271186612
aaebdb923813_4f4ed4232da3fe@yahoo.com,TKQNPCUH,YSRWVDUMVRKMM,+639181491981
13c1d0ce16.3ebd1698037f01@hotmail.com,ODCA,UKNYFLEC,+639453740747
79c1620f6d8e1c5be4dee8e0@protonmail.com,LKJHMNJ,CXBDIZFGBLOXNX,09357556771
115a2985ba_ac3715f8071d323c@hotmail.com,YBB,BYKAVBPOHIVKZ,+639379906610
6eb317d66eeb35476d_33345931901063e8e5d10bfb7e@protonmail.com,MACPDTVEK,CXRUCUOIMCFDY,+639161216891
69151dad2d8f8e731a0b0c18f4b6@yahoo.com,MFFIVXKFWIG,VPQZ,+639182772165
6E0EF1AC3D765C94B387684A_1E53D818E634@YAHOO.COM,QFOHPZMDGB,TZLVCRNEQIDO,+639184151610
b59fae818d69767a1915.7b4dbf7e5b8af5d7@protonmail.com,UGLZGFJNEV,UC,+639152486367
77b5bbf73e93ab1e7d3f.2b6d10dc7343@protonmail.com,IJGOXKHC,WYGYPYTEXGSZP,+639167483583
f7f29668092dac_68f4d571a699aaf74d0dc853@hotmail.com,HEU,EPZEWMSTINYO,+639464914141
3F9AD93DEF_307C2A50@YAHOO.COM,YENLLRQ,FCOWTAVS,+639173405190
615b7ab0c9b11fa7ad_e692@hotmail.com,DVBZK,MXGT,+639455253607
20112ee54ef88e8c4166.a22c8ef3642f@yahoo.com,TIIE,XZSRFX,+639469242577
1bdf1fe36f7f4931@gmail.com,UWQKSKWW,VP,+639355407180
c57938a401b56640520f86.a1df20@protonmail.com,GOTSOT,FEPASYCFXCLROQ,+639354153449
106088b92f.a65aac56d79d@gmail.com,QCNUTFZON,GPDKT,+639486111149
57888ebf6b12b0.adde@yahoo.com,TQEPZBOMDAW,VQCC,+639152740088
771ccde54482217160a8.6743eca4836ae210a474@hotmail.com,ROSA,MNSDHJFBWF,+639054383864
702732bce29f_2d48bb7a35a647cd20@hotmail.com,DXYBXXIDEW,CLCEZAHZBP,+639178365788
7d829752d71e2d.277fc6e7573c@hotmail.com,XPTNAX,PZUSTRE,+639385410019
7aac001786bd28fac10696fad4944ae58bdd72@hotmail.com,PCUEP,AFGPJPH,+639259546621
42239fa8eb32ef_0f7119@gmail.com,RREN,HQXTBSU,639267327699
266ce5ea13cc589f@protonmail.com,NMGDEAEXCPP,WIYR,+639177266592
951673_4607@hotmail.com,CNNZFASVUFLV,SARNDP,+639452753828
5524adfa09.065d45cc719d270f0b4c@hotmail.com,DZZSFK,LZSWJZYLZTC,+639458861129
4a5da8_40692d20891870bd58a22e8d6081@yahoo.com,CVKNHSSXI,NWBCAALVZCLN,09189718584
7e7141d94a8bb6e0cf38_6a6945c339ff0ea9@gmail.com,UILVXOLPXUY,GBHMZUVBA,0907 964 6142
322d30c70e41450b@gmail.com,RGNKEJAYC,YKYSG,+639369321902
a6e2ba_1c3c87f79d5e252d6bdc@protonmail.com,RRUFTNHQ,PLXPBROTF,+639277795454
f1e9a7.87f9741b9e13cf6d6f@protonmail.com,ESHXMHR,TTFSLBPOZY,+639267215046
06abaeee4ab117a02c793c0c@protonmail.com,FMXDERXCD,XS,+639081604241
09d5b024c0.e4196c49d97981c43aac@hotmail.com,FTUSTRO,RGSJKPRYDUQ,+639061326379
eefc4127ea.9086f4@protonmail.com,JRSWN,KVUTDKWJPFFGWV,09064942069
cfd74d519f5d_551e9986@protonmail.com,DIBKWXXI,LSTCSTYPHDLXAX,+639173423714
caa22054238b.711a4289@yahoo.com,RIFWP,JQHFAVU,+639074296702
256546a27ee7.86645eb16cb5154f7fb6808351@hotmail.com,LLE,IRPKVAISIOH,+639151269837
b3415ab236bdbc875f3f90446ec00a4196cea52d@gmail.com,LEJBPBSFCYYH,ZKAJTGKTVLYPS,09285083987
ae6a2c18a3_58b01382d87e39824c2d6323cb@yahoo.com,AHNYX,BPSKPEWZLKK,+639287537164
208ABF257EEA0485F66E22480C267FC9237690C1AD@YAHOO.COM,DOSCADQKY,YAFGHOACJV,+639383078467
D41E562F46D3.946D01@PROTONMAIL.COM,CVEEFVNPPMSP,ABXQORSQDSBI,+639177335593
5FD6B7052C9671D3EC6EFF619BA59C6AF3@GMAIL.COM,AFAKP,HYIORXMM,+639367236380
b3355555e7a7560c6b2f7493_2b998a93f01757c8c2e1e6@protonmail.com,XNYPADPNAO,VSWIX,09384689760
a082cbe512fc3fa2e264@gmail.com,RWHLP,RU,+639483606442
05f92b30_17da14488b004c3b6e@hotmail.com,LOR,GBTM,09253195848
4aaa80459613.d46b194f0cdb1a@hotmail.com,PIJXXIQPZRXU,KEQGZ,+639372025805
df5c0c06a77664be19b4138fe9a22cab1e4f4d98726900af@protonmail.com,ZMOS,YP,+639378259332
fd3d16a8014a52@yahoo.com,KEVBV,RWIRGKFOEXDYB,0935 540 4128
adfe1d281e8a51d0c43d3ebdeb6b14@gmail.com,TESLA,CXMEOFI,+639284629089
9a8446d9_fe99ec680652e312422422@hotmail.com,VRVC,DRDQYZRE,639184460561
9DA260E830C5607B5A73938C4160@HOTMAIL.COM,SYTWAT,BCDPWNEYSGVLRT,+639276627238
38d62e20f64a723358ad.af7fd8dc9c51ab9907cb@gmail.com,KYAQFTLCWJJK,KYQXVV,+639167929162
671390dc4a265549263c90@gmail.com,XLHDBRPPFSU,QTADNSLHAGKW,+639354346841
c1e2a97bc9a08f17111f7821c8d4ece880@protonmail.com,BSSJZCSBQXD,CQSN,+639273626488
0D4359D5A4D9C99BE999C0C3E703C819@PROTONMAIL.COM,ZDDAHWJANLW,NYVGIBFJGYTI,+639475416072
0fee8b9efab4e03d25d1fd204757288f@gmail.com,ZCGWCCD,RUTKTSAYASH,+639458585597
2a4d018cc519e9ff4bca2e@protonmail.com,VVKYXAHTACI,MIKTPNYPM,+639088979517
2662e924ae4d5422ab53bf113184c01b@protonmail.com,IOPRUMBFTVXR,KGKGHGNQ,+639475351330
a25b2c145ccb4c440e4dd4.dd165d@yahoo.com,WZSOIBSO,KOSNKGJQMSL,+639071130532
7c8ccce50da8a41e7e9f_9effeecc9f43@hotmail.com,VRENNIFHJJHR,FSLYM,+639468228835
45ec0f6295cadeaefb.b60d2301c80858c2bf9602441644@yahoo.com,WIBLTDH,PQ,+639382836834
674423dea9.358f4fc3@protonmail.com,UARHUZNQSERM,JE,+639355039983
fe387d39005a3cf49e438a709eff6cd45d5a3c@protonmail.com,SLHDEMTRORB,LHDIWSXISGHKX,9473280545
d712665f8e9f1b63203d0c.355c90c6f3c4@gmail.com,FVAKTQWOPKY,AGTOBI,+639166013717
247c1bbb692f5043985641e4.8fbab7dc30bec854a5@gmail.com,JEHYYU,XDA,+639274559231
AB1B1691D11DD347F278D190_0FF241AC77441893DB@YAHOO.COM,OQWYIQWCRTQ,MNDFJVRIFJZUAV,+639358233414
035706c351406fd81d85aaa1.f9c611e69d8f048b3b4d3236@yahoo.com,ZMSGBQEQMEW,RRGBHQYHOX,+639169833183
634bc6a746695f4d0f3b59665c69a3@yahoo.com,JTSVOYCOYJO,OG,09276774475
88ad6faa90a2ee9d.bdf9153eff5ba94942d8e1@protonmail.com,UWRYC,FCYKQPRYKEF,+639053275083
7606EA3C0CC938DBA472@PROTONMAIL.COM,CYPVJHLBZQ,ZXIH,+639174671448
a568ba0910a0391fe6e1_83667aeb08e2df8de5@gmail.com,CPFDI,WOBTXLYGFC,+639285621960
bfc6fac768_699c32b18c5c113737b2c0ff@yahoo.com,YSKWZUGJPRQ,QDCYNERD,+639182933495
e556027ad6a352ca_1016ed6cfe5d59a007b94108@hotmail.com,HZIMPC,HCRUHWKCVXGDLP,+639286052227
04FCA6124D5B9250F6CFCA20.227FAB98C82DEDD6BAFFB549@HOTMAIL.COM,VEJVXOYVKJ,CPGAXWLT,+639182411476
01cd74b87a9869ecb984.05bc878c70ef2511@gmail.com,DDLCCN,LSGARDW,+639282052265
39a85729c9d963a143af3d1d_4aadc53976a0ba6bd65ed0fc914e@protonmail.com,ZCTKCAVIYZZ,OT,+639361344646
9D828C_18F6E1E6@GMAIL.COM,WTYPBC,PT,+639452477527
3168221D99369E_FB568418EDF6@HOTMAIL.COM,EMGXHQXV,XZC,+639273375290
b39284d34ac2913d924cba33.417cb6fea2260b519e@yahoo.com,ELQPMAKMX,LWZXW,+639362413017
e77106f2f48f6fbc.5f48c4a5c3f0f8bbc311@protonmail.com,KCVDGSHRJT,OMNWG,9161408568
82db4ca1411dd152079738e579721c16301bf0ba60@protonmail.com,AID,AYOKJER,+639378530112
7b20bb994213.ee878b3d1054@hotmail.com,YNWINZ,HDOX,+639179092902
C90AEE6F9F7DCC11C0C1F73189FA0EDFAD8C5FBA@GMAIL.COM,VUXBSNGLRIXD,SAJDWN,+639352281707
BFA8E04089343C37AF3CA0@HOTMAIL.COM,JOXTDQLSJDG,UYUKQUZHSKZHY,+639465317743
D89686C61481ADC14CBC1B7D1F10@HOTMAIL.COM,ESFWSDVO,BCCMR,+639251911160
c36e7daa76efb139bb@hotmail.com,HZBMQNM,ILY,0945 296 2845
361b7f860b4040ce29a69a@protonmail.com,MEOIBKQFHWV,LNULQTTV,639059369492
a5fb19d70df84b8f6533fc@gmail.com,LBC,ISEKGKJBSRGXD,9082964271
99EA268575988B40@HOTMAIL.COM,SDIDXVHB,WVDO,+639077835265
fa7ee8f65047e7af_db25e936539868273a@gmail.com,TRGR,QENAHVKCZAF,+639275770729
55bfabfe8cc28781f1347201e9d0a0a20a92@yahoo.com,WLMPXVSQOGIK,NGU,639375554430
58989071433C3478AA747D.876F28C924D8032751B33F45@HOTMAIL.COM,TAVW,ZARP,+639182654697
14ac3f2d9781e1_1959f38a9e126d8bd4@protonmail.com,MBFKZICSMWP,KHRLQXD,+639268224845
c7817d7a68912186b4dcf3a3414b82b6099a2ecf998ec3c692@gmail.com,VKG,DSVYNLVNFKDT,+639373623959
afb6b2916c1bf9cf2dd26562aea4fe@gmail.com,RLENJJLC,LDSDV,+639175220175
a5f9984302.f218a162dc8185b2ae2e5ad146ab@gmail.com,VHSROLHKPLYJ,QMX,+639251949642
9c54e9dca735394340af.1777288c65366311410459@gmail.com,GXNI,SEZLNIY,+639162721964
289b5c_3e1fcece4bdae7@yahoo.com,OOJJSM,GZF,+639169921535
ae4393d7ae1cf4dc59094b_4fbf@gmail.com,SMSWMUVQNK,AJ,+639357052064
23a067b0d3bb37b0f169e9a6_b8816f66c88c4dfa790da8ac35@hotmail.com,CMVVEUBIM,JSLAACEUSNG,+639277981690
9ceb7b086527aa312a95e46e.296656@hotmail.com,VHAF,DYNXZZQJPZH,+639484077444
2e8f39656cf858fd_e297f3e56b346aca45769a@protonmail.com,IECXTCBP,VWEDJKGVOCR,+639165734298
e1c146e2a1_399787b4@protonmail.com,GGMFNL,GOQFNRCFR,+639164066203
d5bbca6a7366ac905c5a.ea08e33abc1ea8@protonmail.com,RIRJ,OJQOFNSOXUDCSR,+639153787797
0CCF0B0B88797E.FECC71@HOTMAIL.COM,TGQ,ZCVQXRPAXGPEV,+639258509467
9D172FB1FEC398_1A5E9C9A2FD43422EAF3F2B9@GMAIL.COM,PAVPXZZ,HTYDC,+639358012768
01bb71ebc70823_918646b8d1db93d3d0139b@protonmail.com,YTPPDHMWEP,IOJUMZMQYNWR,+639069987281
bc1fb61ff943.b3f0@hotmail.com,MPOV,YDQFLVF,+639168203269
0ac72c9b111b101781b0717f8f@gmail.com,UYNNZUMDBI,OOVK,+639482083777
f8962cb277d23dfcac6b49.e0583a58e22a5207d1@protonmail.com,GKFUA,QGZNDWLOPVFH,+639185330869
2002be_9935b3d3ce58d92696c530@yahoo.com,PCLEFPY,LHSMTNXQN,+639087055525
876dc44a0d466976.3add7198ddcc5df477632b9f9c80@yahoo.com,GUWTE,QPJAT,+639477223064
b24227f6.16f8b4abd4e7@protonmail.com,ILLR,PDVZUZDUHJD,9257156073
3387c4.f47984de981e7198a3@hotmail.com,MCGD,JNLGS,+639052064405
5c5d1d6b93bc28136c856b.0760b284d45568656aae5e0e1d24@yahoo.com,PZVWZ,ZRCODKHKC,+639386282546
ab35f45e1f484e10c25c.8b917e9edebb01725e552f@protonmail.com,CQCQBIDGXY,WRZJ,+639178158046
90C6A10650_432C3A933AF69723DF@YAHOO.COM,XMTFPTVVW,SABHUDNTKMDVF,+639169872890
D13A6DBD2050509D9EFE00DEAFBE7F911409EBFC0D3D40CFECCC@YAHOO.COM,EFKCFDRNQ,LQWW,+639353252141
701a2fd8ab.0719d8ad@gmail.com,PLILAEUCA,VQYPFMPMY,9451842223
71abe2cbe9460497.7db5eb9597b2c862c61e6d@protonmail.com,CDOSSEJOLGK,HTJTKPYVHT,+639257648179
e9599ceb00f8c54a@hotmail.com,OWJT,VSNCMGLNAY,+639488602207
bdd0c5e3810d83c03c17_e17bb0ea08@hotmail.com,VUHCZCZCP,QDRKGJGLPX,+639053809688
def4898778_11f0443ac077df5c84c2c5e8@protonmail.com,LCZTGWEC,IL,639483811097
37bfdeca.ccc354e481a587eb2ac5af@protonmail.com,CRHHP,JOODMWOQOO,+639463320443
c84701f1f12f0f9260@yahoo.com,GXKD,SHLCSWCSDEO,+639459280604
f6150475562aa7dd24b1da@hotmail.com,GIDV,GOD,09368669983
c7a099c6b667_47eb701b7dec8eda191aa8c4a821@protonmail.com,OAEWV,BNTXFHDEWTLTZK,+639263736658
605a643fb1374e14_7097e54b97273e02cc7c8b6e@protonmail.com,AQX,TPCDAVJVAC,+639154138417
35b7e9849287896e.e3ac81577bc3c36a12@hotmail.com,TDYGIYSUOYFD,UWPPUHZCBFV,+639282464623
0dfd4c0db7ecd0bd23285d893ac2aa@hotmail.com,QCTMAKBI,BSNALCW,+639065332083
3234b6cf97927c672a.d6fbcf2d72041426dd2c@yahoo.com,KDDZRLVB,SBKVSCQ,+639274663080
46b2a5444dba5551fa3d7a5c659cdb@gmail.com,IIZVPSMVXBY,VM,+639288877111
e8e39592a0_ff1712fab202@hotmail.com,UBELGCDEQLK,SMFJDDM,639175172457
F24E623BEC6C0AC2FCDBC0E4.5EEEF3AC1E@PROTONMAIL.COM,NRBTSXAQQ,RQGHAWRNELDSUI,+639186526504
294609de4d9c80214501164f_e5f8946fce08e25a53cb@protonmail.com,YBKTUPVN,TPZSDHGK,+639185429656
3fc79ab1e80c_1239a9@yahoo.com,NQRHIBMGAUO,LMQBC,+639054716310
fc92ef4d872ba1d300be.9d5974908a9753b8d41e@protonmail.com,OPMJPMRV,IVA,+639287641110
3d108d57.40814ace6feb55529359201e1a24@yahoo.com,OXCULILUB,MD,+639354882220
6D4FD5B46ABFE502E647_1939BB27@GMAIL.COM,QQRIYTI,SVGIUXONKQ,+639088547877
aed1e5bcce024c6c021230.f31f104111@hotmail.com,TMZNZSTFWIVC,MVM,9485195486
73275ae613b483_bc73@hotmail.com,TIRA,DDXGXSFHJQZD,+639188234345
6c0ac5.b91429c64cb05c@gmail.com,MDSPUYGLJSR,JKC,+639187218614
0315dfc36a43e5.78962815687cec@gmail.com,PHUEZPSFZP,ECAUSFXX,+639169110589
df245b64728d600a.d332ca07814bb969370d4e2176@gmail.com,JOQVDFBSP,UO,639481400132
c8e61c8243bfc2686e835fd9_9b8f6dfdc9@gmail.com,BAIU,OKESMLNVRCYC,+639481378462
0c3e348b2413e8.8b8c7b981f@protonmail.com,NYAN,HLXCX,+639273871336
e1de6847527e_488af4e47663c62b44cb@yahoo.com,TLEL,JQWBZN,+639274847331
aef03062ad64@yahoo.com,KFGVMWHXAI,TQAPRZLPLUXJI,+639064273425
7a322044020db0710da9.2256d8e6c5d6@yahoo.com,TVQMGRKGKE,MNE,+639453067940
07c32f9943b543b2dba88af3@hotmail.com,XBJOZTD,UW,0947 335 6532
da74902dd61f11d3c534fd26_4153b8cef1@yahoo.com,OUXJ,WTQFLNKYIUKHEQ,+639375972014
a1773c969f7035389157959341628bea0a81f5b1@protonmail.com,IFFRRCSXVT,PG,+639278236808
DED543D74856CE2D69F9.E89D684B@PROTONMAIL.COM,DDVKY,GUKJOH,+639166511060
81e5dc5216dc9881762a7b@hotmail.com,KDPRP,FSGLPOBVUJNLTU,+639181065895
588928a888c9.a2cfd0ff559d2fd2d8e2@yahoo.com,IZNEHXNIQII,NRDBSTWSBKZB,+639089196727
16e04148d4d0f1e8d72d3622605425379da608cf51e2c2@hotmail.com,RZCBTGTIDBOP,IBGLJARJ,+639052057764
5c7bb9214de2_9c1a250cdc1f0307a0d322@protonmail.com,EIJOZIFITPJJ,XMRAQOMFEURRQA,+639162367095
C9FC34_9170DDC14FFF25C3D01207BA73F0@GMAIL.COM,AQVEZWN,HXMYFSLXADEVK,+639479392450
4e1dcbba4d63c716b0587b1ff424ca81ac4fbcaa@yahoo.com,HUWWJR,OECHXK,+639452141606
68e07be168d617b9@yahoo.com,EBJGILKU,KXJDVWSEYP,+639161607677
fa9431b3_90cd2f4ac76c395e891db10bcd@gmail.com,FRPXJXEDHDNL,ECZFUNBVS,+639159413941
80a6e97cdda234e6f46ff36887cea10eb2d078e1@hotmail.com,GJSTGU,EMMIBHKEESTA,+639376959205
f49f809d2de5b7_0c5acc7a83176a923afe@hotmail.com,EQJJFNWPESY,YPMG,639467316672
76f56d761fb516.d8e8d54bea9fe8a9bfe65a864a@hotmail.com,LHLGP,FF,09377484943
A03B653D578E_4600A1ABBCAE@GMAIL.COM,SSMR,AGAMZQFGWK,+639058550121
363c96_f5ee36@gmail.com,ZIOXPSGIO,QHRKWGGF,639375334360
5AA666A1267F0478D5C3A48E_DAD1@PROTONMAIL.COM,MJWV,ASXVCHRDYQHN,+639464070407
a79ce85ea61a1ec553e0ce.682f698d560ee4@yahoo.com,LFNLLDH,FYBDQDBUPHTY,+639378756389
04f553392af52049f17f4016a9f60cc7@gmail.com,JBPD,ISJF,+639178580945
ead1b3361580de7a55964bae7242a9aa8092@yahoo.com,YMSGCQT,DZSRKLBIQ,0915 882 3062
7fb57947d5ed6189f98850e1018206@gmail.com,IDIY,UB,+639352857805
cebe242f01749743.1540f2db83@protonmail.com,PAHLLGJVDEGP,SSOY,+639379901476
22FED18DC1EB5F7DF8ED2B8631A763341C33FA@HOTMAIL.COM,HGAKGIHI,ALY,+639258760053
4138313759a0521ef2f728753117194e40319d10@hotmail.com,MILRHLLFTRBM,VRDL,+639163007566
C761371A05.4D0F8137AC0AC9E0FDD2CEBEC16F@HOTMAIL.COM,OWKQBWNRYNAV,PPVFOKQC,+639254642104
95e71f84739fee4b8ac8b70f_5f30aa4552c6@protonmail.com,CRNCG,OKC,+639373779152
586f97.47a212021cbdb923122a0fc7b2ad@hotmail.com,PHOFV,EJGNSWZ,+639185006509
39801b969923_846c77f54a1948@protonmail.com,OXDSXDOZVJNP,SBUQJGBOZOIB,+639381022759
2249a2b7ac900bab4758da78.d22ce941a7e95842f579bedc8c@gmail.com,OCKMVEAWDO,SPNQDMQYMC,+639083184112
82699b4d6c34104767.80ea960f79aeaef370b528c88776@hotmail.com,IJPEFH,KGMDM,+639058668056
176147.2509497c@hotmail.com,GPXPPIWD,RCDHOMBQF,+639069431992
F890256AD86B41124210A820258CAC5101F0@HOTMAIL.COM,FRH,LWGOHM,+639478145245
11d5170d979d7acc.3f1914f036f614d4@yahoo.com,RJG,SLATFOOJABJVH,+639056348394
54b3a1d7_26b9257035558be2cabb8442@yahoo.com,PBBZJYE,UMXI,+639183339214
ac81db83512838.11e90117abe9047a5605b7@protonmail.com,FNBSNKGZLI,YSMAOYQKYCLCNJ,0908 385 9055
ea43291bad238e.4518@yahoo.com,VAO,FXQTYME,+639161612290
a2f83570.43933c12046171c9d01c5e297358@yahoo.com,IHITBEOOUJG,WGWHZ,0938 106 8118
caf2ec9c48b0_19ad532aa36a20@hotmail.com,PCAJFPIDBZE,GXJDCJSCZOK,9372686067
f759037d824e86188e681956f3@hotmail.com,OOVNQRG,WEOUXN,+639163806445
FA1168BB6F2D9A034168D0EA48C1CF@GMAIL.COM,UMLAUOE,HOIUJWZVBQ,+639283363408
13ad1b3ef0c3e411cbb2.320916559fc80f3403@gmail.com,CEATDRZL,EP,+639183843462
a7e524b037.bfa6fe8414b2cccf@yahoo.com,YCS,ETVDWVYGDO,+639379732089
72bc685b.17476b58582f2087cda380eb5391@hotmail.com,HDLWLEY,IJQ,+639389363725
e7978461c8e9a4a767af@gmail.com,VMYDGUNMIHSG,OL,+639061117836
72C8B4886EF25287_4E6D@PROTONMAIL.COM,UOSPGEAMOK,KO,+639375718059
9673e767_15c24b3046f1f19960d892@hotmail.com,FZOKAZJY,KGQYUOTE,09387867491
1dc2415653a7f6ea9912315959cff465@gmail.com,QSCHAMK,YLTWKGEDZTKY,+639286753402
16ff45f96551d50ace@gmail.com,IUPXBDV,ZJQHDIWKJ,+639383598055
660b77e2b9a19f88815c1d5646c4498a46c873d739@gmail.com,QJIYAAWW,UM,+639074081720
42524f26.c22000@gmail.com,HEJF,EAVIBEHEMDZ,+639172200172
b9246bf70f.abe7@protonmail.com,GVOPJBZT,TZGZLNIDRY,+639173457355
d0ecffab984addac88cb911081eacb9c4d@protonmail.com,UXYOW,MRVFUGVYXJSZZG,0937 564 3722
0c12ef9d15451a8213ab50dbf1@protonmail.com,NRC,KAPPNIODLTSEN,+639184874410
9ea84690d7aa43e041dd.72a61f@yahoo.com,AWPWYBFD,PUDELJJTXTHDXZ,+639162654258
39102b5b3fe9c55d.d14ee34a98837ab3d781@yahoo.com,ENAWHZPBCAXL,DXBFFXSZ,+639383296741
1d2830417a69478e013b72584adb194cd5@protonmail.com,OSQQXBF,MRCY,+639056921186
26106bbc9d1a_a2972f691e@protonmail.com,MQRZJTYWXV,SEUT,+639278509899
641f0fbf1a86.66c4f0@gmail.com,AEBWVIOERZBL,FGV,0908 496 5645
e8fd950f.77da0284be@protonmail.com,VADDRIQK,BBATFGGZSZZSUD,09256315586
17e4d70d2f_57941f1cad8533faf6@hotmail.com,MFGJBE,JDL,0925 342 7099
4a5d307b142124cec3c7677459b0df15cf@yahoo.com,EBVAAWYSA,LLZHGJBT,+639154612585
384127D5.A24665DACADBFC47@PROTONMAIL.COM,NEOYD,IVUQB,+639483400819
7cf348f84a_4d69732177ec55@yahoo.com,IULTEWZY,AXLOBDONTWGJHE,+639354643225
E0078BD1894172B68EAD_D9AD63AFBF16522F9D1975F3@YAHOO.COM,WQYTM,VAUP,+639077309013
e24086ef215adf_ab99c640bd30ed@gmail.com,YMB,BNSSYP,+639181597962
ef150039_2e092ef506a448f56b41875b@yahoo.com,EDV,EY,+639456340961
afce1a1dd9.3b6e59d655b70f@protonmail.com,JJYC,BNJZUMFKUE,+639362290393
9ceecb778a8e2f29d2f2.56ee@hotmail.com,XTSNQ,AEUXJWQQKCM,+639188813079
42f500fb9251ee.ce1272fc86@yahoo.com,CYAX,GXECPKERR,+639067166193
C4B4393E47616B41D8_48F0636BEF23F6B90045E0A6EB@PROTONMAIL.COM,LAFHXO,PUXYUMMGG,+639056585717
4ce3503976cb2bf1320e.2abcf5@protonmail.com,DJPTXJSXJKF,ONRZTW,+639069453618
efd862f12a9421abc50efe351cde81cbb85f@gmail.com,EAN,VRJFOOTSFZRHC,+639159134628
B5BF7E8F1B_7819316F316A740029@PROTONMAIL.COM,DJFKZA,NMXVTNGS,+639157994936
34C49103.8799@HOTMAIL.COM,NYATJ,WJANWNFLZUCYV,+639362208113
a1a64f16de2bebb6a9.543ec1e6b62bfb@hotmail.com,STG,MWJEXRYPLLY,+639378853757
615af8179001457744.9aad5359968023097204@yahoo.com,MYJNY,HAWXHXFI,+639269828278
b8357d164173826d0903_9c4e6ef6@hotmail.com,YYIF,WGYD,+639283075011
675F82BA97768EB2.DF16D60B80@GMAIL.COM,NQEMNWG,SBJTWEGACQ,+639454218672
8530239a928605421de5d94b_80cc7d52b7@gmail.com,BQVHCKJDLR,NCVZNTXNMJ,+639254733019
14075a.eb13d6@protonmail.com,LSRK,UNMFAUNFEOXYI,+639486864352
754ba46d2ba84034f60bfcce@gmail.com,XKZYBNI,KJEOEGVSTED,+639454884920
71578C639ECF3E102F6AB6EB2979BFC3D8AC2A@YAHOO.COM,DFXDAVLXS,RVR,+639474789958
8a0b3be54276cfb215bf0117.735f881376899f8223@hotmail.com,JECEJKYBA,HTAVGINEHGDX,+639258231778
1ae50b67_ece5d32a8879758b@hotmail.com,ULTPXHUUE,XHYUWBDISABEJ,+639056283898
70244b5ad7f8e9.844a2fd1e3f7a821950bf4@hotmail.com,GROXQA,OXKTIWAPQ,+639369455913
5b3f40ea403b1504ea_50efe19d14f1b9f8385eb13f@hotmail.com,UXWDEM,KQWFFRCVXWYJA,+639051494750
b99dccc6af50832a8699.6c296829de@gmail.com,NYMUPIZ,NCILYKMEYZ,+639282764040
5e705928e2e0a09e@hotmail.com,TBI,RATWK,+639259464464
080c6c556af4147a041abc9b35a421cf73b8d1@yahoo.com,HHD,KOOAJJVXC,0946 794 8893
9c65367f42c9f13b.ad156ec4374763cb56b2f79071@gmail.com,OATHFZLOMG,GCMYOZK,+639266663672
37949605_6fb9a424dc368da1448e9d8f@yahoo.com,KNLXMWYMNW,FSTK,+639176506291
2485b60e.258b29fe7fd1eecf@protonmail.com,CHTLJXEQRLOU,AVDK,0906 644 9336
11a24a0c910d9c6a21ce06f3bb13aa6042c7af5db7@yahoo.com,FPEAQYLE,YPILB,09152087891
c21ed82e66963fb1_df5636@gmail.com,ZWU,KEIAJHZEHL,0908 597 9212
e0114ead71_97eefa50@gmail.com,JMPF,AOKDZ,+639456943932
84520b0572ed754fa8.cb2729dc01f3@protonmail.com,ELZQRVCHHDH,XWJGUFGFQHE,+639176268987
e2bfe007329161b3.c84931530c6107@protonmail.com,WQUKVBEQXB,FLWNUK,+639153580634
4e4c0676a38b11ab693e3cf1.66c5202a0c4dd09f@hotmail.com,BSGME,WSDM,+639361279435
d14bad666884_560a46373dc1@yahoo.com,NLDG,GDWM,+639079734047
aca14bc88ffefab245ead1a47e@protonmail.com,OFUSAD,EBBFXPONUASAS,+639273072524
dedce369.ebf2b2acd99d1d877e2d6845aa43@protonmail.com,JOPXETPBAT,LGZXN,+639387945169
86d80c8e0e34.22a62a46c19e@hotmail.com,LZIFHOSG,AG,+639165598749
446827170EF836CCB50651_DE63@HOTMAIL.COM,QRELU,ZXORFXVRGQ,+639358722864
9D02DADDB2E0C435D9_F647CB3F19F6106639FC268B55@GMAIL.COM,SAREWX,XZVAHVSRQGV,+639458091981
0175363c9ccddd84bea3ff9ffabf1d6427@gmail.com,DIHIUFYAK,XR,+639453273439
0642691dd4db_425763ebc9@protonmail.com,HOYDC,QVU,0936 931 7283
99e76630e11a6d4153.764eee81e58d789d3bd27ce1@protonmail.com,EFGDDV,ZRWPFIHOVEZ,+639174273884
08cee23c45e2df@hotmail.com,CTQ,HLSYVR,+639374344561
0b5733d7460c3df9_f101975454d58ee8@protonmail.com,VNOYDALGBIIS,FISK,+639152740698
34e53b16033c4ca11d.3ac28304@yahoo.com,BIROMGO,FFTAPEFSV,+639387160243
d76a7c5dfa423699931e8fb7847500c074f903aa@yahoo.com,HWNIYTEBB,DZEKZNESQDKK,+639281183349
e72d2863d0d0_9a1b36f396c4d00cfc8a2f@protonmail.com,GAY,DKYY,+639383838335
83190cee5047dd0f_28873723afd8b2fa@hotmail.com,VATIUJ,PWWKRPBBZCJP,+639081042204
c4f5c7f28f7a60e809.e543c2612b46@yahoo.com,FDC,ZBN,+639179635590
4fa6e6b246b329118744c9@gmail.com,BFI,FTYRJIGVYQPUT,+639474844625
0972de7412e55f6bd54d73c2606d@protonmail.com,BJQTMEEU,UTNSKUSF,+639159382270
c26e0095_1e2d8ec51ea67e0f@yahoo.com,UMBXYH,JGWQFOFUJH,+639287120843
6008c34701a7aa.b4ceaf2bf6635fc7df2cf72c713b@yahoo.com,BYBKXMN,CCOHRPFNENMFSG,+639472160182
f12a1012c7_bc510692609af614f150@yahoo.com,NWSVZUGEXQTV,DJLEEXZTMQQI,09154006607
97008f34217028474311a0732d7b74@yahoo.com,TIPOSOJNZB,KXTL,+639161832409
c86cb60ab61b58d0f338_66dd44256cb1@hotmail.com,DXXQOCVYOLYP,YFIPSBBUZPNBHA,+639252780661
1F4DE7D041C586CD.25E7@GMAIL.COM,QWNCCL,FHOTXTPY,+639156136925
161c2429a58f13fb745de3_db60d5e0769492@yahoo.com,IBVTX,XCZSR,0946 280 8272
8065135f80850e3886417e2c45d0f62abf@protonmail.com,IFOCPSUCLHPG,PFAJVW,+639171453252
2c91d3806b1f0fb8cd954892f21e78aa18ee75e046f8@hotmail.com,UDZJCDRTOL,DTWCFYXNW,+639085117018
cff5480b74_a8ab4cb5f2d99c1d@protonmail.com,CTZSDU,XCUEIA,+639272078426
298852153804f237ffc5d51f19d736ea4a021236b5@gmail.com,ILUJ,SPIWSOXWC,+639489188292
8fde8501f0c440_8a705551097926a339aa@protonmail.com,SOMESSAG,AW,639069966779
ef016b038735c4596ff7_66e797e78e18fde9de1f1fcbfd@hotmail.com,EYHOWCZVQM,ZVYPIKF,+639189869055
bff350a3d325.8a81f83374e2d9@hotmail.com,AIAM,DYOWOFY,09281004699
1c1654ca.0aa74073@gmail.com,RRQXUTQFLAYC,VLP,0946 352 7856
29b62fbc75c251afec4ceeecc7cfcb3b7d01a86202f7e59c@hotmail.com,XLJLHXGI,CPWOJWNVIZWNTJ,+639477992639
9ceb123d2f5c32cb4fac2a86.f005@protonmail.com,TDYW,EPPAFIHAICZC,+639275674930
4ff38a96960bfeb4993f23.243a3c4219cbc1a5@hotmail.com,KEKEC,FYVDHB,0906 937 8969
A421FCC186AF042087A8FD70E5F89675@PROTONMAIL.COM,AOWB,GCVKECA,+639086530450
ab9cb65498e3dbc7e68a1de54a8fbd55c19c2c@protonmail.com,QODTFYK,HVLZTS,9184357589
ee09163d38a037a74d88db.09661ece3cfa@hotmail.com,LKRHGLRZ,BPRSWFO,+639351496231
48aa0504ddc853ac7295a5.2d877feab9939cb5153e0ca819@hotmail.com,TFSVAJDB,YDPDRZ,+639058120900
9c96a0df_9119f3@protonmail.com,JBEWRX,WDMY,+639087220081
938A7C3F795F494F02_CB18368CE4F2340ABC@PROTONMAIL.COM,ZWVEPPBWIBP,YILYFGRBPWDIF,+639254594404
87e1240e353b71505c78a84b16132161cd84e614f234@hotmail.com,LUCWDGICUUFC,ZGFRBAJ,+639485833994
ca9a1591b86151_0b29c29ff5e379a5@gmail.com,XGXAHUJVRIE,OBULCLAV,+639168268987
340773419FF5_15CA3E5223FDED6231D1C8A6@HOTMAIL.COM,FKQENZMRT,NDNQQXJPBSJ,+639066426823
4b7202639e3f782a16e555a0.85a5d4e48665de7ed3ddd96c0493@yahoo.com,OUAX,YIJUGBDGM,+639454778985
a946e535596b.ee3bc8@yahoo.com,APSUANLJGM,LGTSXM,+639363067585
b19f41e8eed9b4ab1f42a1bd567deceed7a8@protonmail.com,QCLCMOTQ,EJRNWDKVUQVXU,09176971246
441c95bed4a7c695f7b57150043c8d0d6a51caefd6477ed1@gmail.com,DSDX,IVXDHPXSI,+639068241584
00702756b22cdae1_cc743021bc0e2c7a41@gmail.com,FOVMEKSLMXW,LRLKUVDURHAV,+639351248280
9d0972e2c6_32a9@yahoo.com,PFZW,VNR,+639158538944
baa53141db534c2ea57c5b.7c0038daebc8e5@protonmail.com,VJEMW,ADHQMZEZ,+639285367545
d3be42456be6bc24704980571c33fbbe4a7569ddf0f2@protonmail.com,ZMBQOUVXA,CHSH,+639481883206
d03f89d2ef583f111b@gmail.com,KLVH,UEG,+639289114730
491333.3f73e8da@hotmail.com,JECII,ZYSBYLZGKH,+639479972820
702ea7ac36e7d83355e517f7@hotmail.com,MWJMEZ,IJA,+639083045159
97fc1e9c71_3ee16110bc5b6be258fbebd6@hotmail.com,OYGIDWRKKU,CHDSCDBHZQEMTE,+639381845070
d03ae1ecdc.5652f5633c4a3203ec98ba3d63@protonmail.com,MMFYPLSZ,LEUEKRYURO,+639185504049
dc95cab1eaa2b3706770ac_950a666d47cdec19d091@protonmail.com,HWA,ISYBCIG,9258157557
68f2e476df5434c69466feeaf798a1296e06fe@hotmail.com,NSVRWOOGPBOU,QK,+639488145275
3c0c1b500ef461638e6e216ad303f1ae7322@protonmail.com,MSOJBFIIA,GFYKWAUMBBNGBM,+639188290961
c6cf41fbdbe8b901cce146_0185@protonmail.com,XZZRSHKNLIVR,JJZCCSVMGQWHAB,09253696177
34F0BBBA6945B9795E_4E2115528A@YAHOO.COM,BVETXRSDD,ZM,+639164592571
1e331172f5e544be65_82ebccbb435441@yahoo.com,RWVFYYSJU,IXODPHZW,+639177389435
2177f9c81d70047fae5cb0957ca14834a2d1a81cbd@hotmail.com,HMW,UWDZ,+639177229542
6e768fccdc3b4ea7459f91df71435b907be5728c@gmail.com,EDHFGKTWYY,XJMNN,+639271892253
f002e15255_3255@protonmail.com,OZFLIUN,DFPJYQNSX,+639288872226
0E9164A68D626359A49748.4385ED75C6D312F7@PROTONMAIL.COM,YPWPPIABK,JEHZFSMBKS,+639464248667
6e6804439c80ca085a60e4e49afabbe2ca@protonmail.com,ZTUHGYK,EOML,+639086138945
5B33BBB566_0B4257CC76BC1DC7@GMAIL.COM,HDEJGJBOTKXC,GVNOB,+639467670870
4c4c7d1ac5874e.49067fda@yahoo.com,DTUWEX,XUGWTAJOPUYAM,+639479172335
e7fad7a4c79cb620bf4b60ef_4fd7396bf858@protonmail.com,OZA,FKFBNQU,+639262932933
9cb70600050172f512f3aa.ecf4@hotmail.com,AMOVHWF,ESREMZNI,+639179002607
23ad9af38c.604c27b43f0f7c9e4d03c1@gmail.com,RQQ,FUJBACFFBW,09151139172
10336199.f48ef1da23b5130b@protonmail.com,UAMGVQTDMYAP,XZKJIIFKXRDTEX,+639189057065
6816da9efc7ab45125.b899de5ae713ddd4568104@gmail.com,QOMXCF,BIZXUYTUUDJ,+639457806790
e5b1f3f52ae95879471b_35387523593f49d87d@protonmail.com,SNVRKX,HGPDPVHG,+639251393643
522215dfa4520eacb87f78@gmail.com,CCSLKQMTLCXY,UZHQ,+639058062282
d50dddb7ffd4417b36f38cc0dba5c9ee3a@gmail.com,JLH,EOJ,+639473207798
32b34852a2a241d072bbf33952f1978ccb7ca984e14dcc@gmail.com,CZQOCNNDENXK,HVTTUQQ,+639268205193
9fb02626.2ad185@protonmail.com,YLZAFWBJY,SKWXUQXIVBVOA,+639252905056
8289e3af1d14682ee5bb6d.c4480850b09199@hotmail.com,FDFOQTZWFTE,COYG,+639051643585
5f1024.dceffb8429b6ab3dc3d5@yahoo.com,IWWRPIDAYQY,LZPVEKJL,9169123584
3b0641b5f830074a9c_55948f3e2ecb@protonmail.com,ZXVSU,OXCYTLBLXISRQ,0908 946 5419
7b51f140d6e2f6c9_021c5d92a171895c6b9d30@hotmail.com,NKPTEQYOWYLV,JQ,+639266752190
289ed26b19.069f2899e8e168@hotmail.com,EUCM,PKFDXQ,+639181950370
fde8794c7931.dfbd4ceda87924721a0b751ab5e4@yahoo.com,PBEAFCVVGN,YCZLFUEZVGXBX,9153963714
15c8ddb7a81185151f5672bc314eff@gmail.com,HNCWKMTAR,DZARSNYTYOD,639264188183
fc5a50f8926f3379eb431f76d54d856e65@yahoo.com,ZIV,RAVXDTTRKMVZBI,+639354983716
C3ABA6F323C194AD8BC327F3.4503215D66E609DB277F53@PROTONMAIL.COM,MHNT,EJNPFNHLI,+639054014836
5b2856c1e2ad13ff0275916d@yahoo.com,CKRDMAS,ECBTYSWKIYZZKV,+639159765743
975be379a3df540e181f6dc25be85f@gmail.com,LLRREMNMFLGT,TXEE,+639484799183
a72c13a53f447e60d9f18595.fc902a12@yahoo.com,ERVXECVL,KCLPAYUKV,+639251929961
52D91065F6D7045C9F8AA727FB@GMAIL.COM,EDM,AMKC,+639252081267
fa3e780dd568abb5575b53.2687c6c6ce93@gmail.com,DQHJRDSHKIYY,JGMNYFKTL,+639467016712
14f871.d5adb63f2cf2545ea52add00aa@yahoo.com,ZIOGPDBCBN,EK,+639386555320
b1e47781682ed0b34d9903166127a90caad3@protonmail.com,DKMBN,TNLRJPYRFQDW,9483567886
1bc7e12d9176_455770a6@gmail.com,UESCCSHP,ILSCHI,+639063735787
c514523bfe63d0015937edba9998014c3d@hotmail.com,DFZ,VJOICNZP,+639183945037
eb46566226a71ddd82e9186a7e82e3ef72d4@gmail.com,KHP,CEHTNCZ,+639182804294
89dfb7_ab11adbcd12d9b@hotmail.com,EXYUF,ORIXKDNHABKOS,+639373915343
2536d063ec7abf92e6b1.bb521d7f940625@hotmail.com,GZWLBEMBB,KKUHPGNW,+639087091471
0b1a4a8ba3b55dac739d.0e84e7@gmail.com,HDGX,KCGRSIAXHMZ,+639285912622
add08e8c52280d0e1e10b549_68752de6faeed59a7fabc6134703@yahoo.com,VLOZEPWBEC,ISGPYBC,+639352829659
5363f1e5dbb9_d8dcbaaa1265@hotmail.com,IGGYVVEPLRL,LH,9458193919
70B929C8A4C7FC13702B39B9@YAHOO.COM,OVLKPQMNGL,GUHGUALCCJLW,+639059305218
7aac328b1014ad@gmail.com,DEYZY,KDTR,+639279262256
c6f43f1fe4a1ff623caf@protonmail.com,UQQQLVGLRT,PEGGDKKFDQM,+639464144498
c79340a1f103957e11b9_04b771d0@hotmail.com,IFBTWBS,RDZ,+639272371227
04a134a84b.f27225626bc707bd5483@hotmail.com,LQDPEAWEOZGX,BOTTIWANTZDGRN,+639164774445
3f470e9fe474bb15bb60.c80fa6696ad701c1991c103d6bd2@yahoo.com,RBWRUI,QSSGOXVAZPZQ,+639253268688
0080f5feb2f2402c2e4e36ac90808272@hotmail.com,ZLIG,LGHQAGHTUH,+639162783853
57bbc0cb55_f1b481b2@hotmail.com,IZIJIVEGQPBA,BGB,+639186763196
59f2ec628561a7b6b0@yahoo.com,JKDORWVIJ,SHSPATBRFZ,+639451356243
d0368593e416470c5ec8.acc18e554d72@hotmail.com,HVQO,TORKNTNJZLA,+639388877801
a0d8fa2c_1d43d6942f19c2277b2f@gmail.com,BTNXDST,SFROLFNPYONS,+639285018247
B87F962FFCA939BBA1_895A01914A1DB2FC0D3B47@YAHOO.COM,ZJII,TRSLW,+639482696098
456842d85199cafee9cd92ed_d46222165aef493300c10e24e1@protonmail.com,SGACL,BFSJXRCBEEHH,+639077195595
a9012e6dde7432c8f92b32.4cad33ed64@yahoo.com,LOVQC,BJWYF,+639455717368
64c09663e3@gmail.com,UDWONNZYRI,IHTGWUL,+639483071331
d6d6da375bb5eabbeb943dbf_7483d4@gmail.com,SVUVUROW,IODZBEG,+639356564621
171DD05276FA26_F3E358791F84@HOTMAIL.COM,RDKQJB,AZFYDTDJLP,+639472469993
13e9fd17922828.a843bf@protonmail.com,GENVO,VFI,+639255086335
157636ed977612af91@protonmail.com,HRR,GY,+639168376046
573f359ff9_6625343536e2b40a2d7ef008@protonmail.com,MLIINMP,BWPQTXOMKXKMDK,09073097725
042B9FDEF1.95C7AA5B@PROTONMAIL.COM,BMMQGIZR,UGXPJOQNJS,+639253078768
c919092f.62fa2a7f35cb1c1be9@hotmail.com,JZWAKEYAYCS,IGUJVGFWUQNY,+639288998034
BD19CF68B7_E51209E8AD457C7B4BDE596573@GMAIL.COM,PNKN,BETVFOIDLJWLZ,+639084243643
6e99b6c735c2ebf0dbaa15a7a85648@hotmail.com,KUT,CRPZBEQPDMCEF,+639477127116
c3e4ec3531a16a7cd6556919ae96b57a1c96@hotmail.com,SXID,FNB,+639156267239
50f1fd335cb041013fd2f723.c8b9102aece73d80776bf9@hotmail.com,TUXZJRA,GBPXGFQ,09179148486
e91e4341a0dea9_2daa31734ae71083994a@yahoo.com,XESMWAIMI,YWDCWWZZKDM,+639077368191
d3811ac6c12c49e336ff5a6c070983387a1d3978@yahoo.com,KYKAGSWJVAQX,VWRTMQICSJT,+639456050750
3B094C97F1B1F1FF3B412544A050F3B976B42F@HOTMAIL.COM,DYLMU,WFLNMEYVOR,+639189834424
7AA0C2E6BBDCDC8E2D2CB6BE0D6EAD532C1A26@HOTMAIL.COM,AMTQQ,KDLQHQKEXMVA,+639067289390
747cc1e5db8051.a25a81ebe4fb97350bd5526a58@gmail.com,ZSVWSKIYLT,VWZONO,+639269165434
4942522d966cd89502612e4e92ac46e0c014ab62@protonmail.com,YJDDKPDHXI,EEPLOWPJCTIL,+639153068306
497fe3_9f4c328074190b93@gmail.com,WJXMERIXGIQ,WIWYBINRUTLKQ,639082964325
E74E6300B93D5F20D091F724C768@YAHOO.COM,BVGRNQ,EGGYYREAPJYJ,+639481111337
c2c8535aabce.12ffe8908108359bfe@yahoo.com,GMQBRFGRRZ,SEOVV,+639286521396
aec2ca0bb0bc1ff902_324f@hotmail.com,VKC,VYEQISSQNCPH,+639465678133
543d9794763231ca@protonmail.com,AAMPXAIHQ,VPZWPHEOUKAW,+639279436054
88b10cc645ea_2378a6@hotmail.com,DUDZTPFY,EDRU,+639486522741
20e22a9726238e79599c.a4c91ed2ef1cff44afec@protonmail.com,XDEXI,DDE,+639481613561
86b0b3ea.9d85e845e72f54612f@protonmail.com,QBZYCFCMFJ,ETZRNXE,+639471870010
fd30ddc318f1@protonmail.com,AHIUJKJ,KUWOBHINMCEL,+639082292695
90E931.035E@GMAIL.COM,ZUENJYLDEY,DZVIW,+639073841655
09E616.57BEAC6FD642F65F@GMAIL.COM,MZCLGFBRSIY,NDQAEBWF,+639366621037
ec9a3c86ea69af55d6081b@gmail.com,AMCH,FSSFGCVHUCFS,+639387677211
e2891ad91bc2.c464cd8be3df62c4@protonmail.com,NPEST,WDNFVXEVXWEVS,+639051958273
ae815012b58c66956d69428147047a01a7d414b07c@gmail.com,GUPZZTDPCZZS,NXTA,+639261663985
bc02dfd369b621a6.0f6cb9531cdfa7@hotmail.com,YJWENXXPC,AQYCXTZTMVCFOM,+639379975637
ab45522a2a81f100d502_1cb7@yahoo.com,FIMT,INIWGHJ,+639066164324
89230a7bd189c7e523219e10327e4827e03b49c8@yahoo.com,TDF,CSHTPU,+639351638822
0eba837197c89661d83766d1729d66@yahoo.com,YZW,RXOXQXBNKQV,+639185739713
6a59887b3df38ef7a1@protonmail.com,EWDR,UEWBBFDH,+639165302424
2c6ec45bcb7f0bb5eff3d9.269b2f55009744d75f172c@yahoo.com,KWID,AX,+639171771207
F6C923.8A6A89@PROTONMAIL.COM,IZPJIXKJK,JN,+639175893469
f32f904545e3e80c4beb4d.7448@hotmail.com,IEREEHQ,JWLOJGTTAXYWJC,0946 364 2780
0e485fa54e5f3f_5e42747efc5ad2874a@hotmail.com,TBWBPXKHSEN,SHKALGAOXE,+639176710239
3ef8505a8dda.3e2544ce09e3e41ff4e5@protonmail.com,SDFX,PRNXQ,+639087241643
fefe47e6276367d2f8b1f8.a6f4c9@hotmail.com,EGTKHW,HTZ,+639278250268
aeec51366cebd8_a06f7227@hotmail.com,UQKMAXMOLZRS,SQYWZESXNQZ,+639352595897
6439ca25edf7778fd3898c1e.447166@gmail.com,FZQNOX,UWKQE,+639275069762
7f1326ce1d3a1cb05f86a5e2.7469466e07d7d9564ad9b8@gmail.com,ZOF,ESDFHRZJNBY,+639187546322
839905CC012C7ABBFE9862A1.0C7B3094@HOTMAIL.COM,FDTCLKPRN,MVRGRIE,+639157968545
663e8331ec6748ea@hotmail.com,KGD,VJAPMQOCEVSD,+639385155595
23ec01e7e921d27889_0419b6e49287@hotmail.com,JBZEO,QCXVIGEONNL,+639077640278
845529fa2f56a58807fc49dc2ca5bc8280@yahoo.com,VOHFQDPTOTHR,MAJNXQPRJ,+639253862512
23b4d00713522bda55c4f05face4d92a@yahoo.com,BHO,RXVGVOLJUZF,9185518033
aa6768772309127a@yahoo.com,LKHZJSCA,BEOFT,+639258137446
c3c7b3.47d0@gmail.com,VXNW,UDCBQWISUL,+639468636641
b74cf579b7.91fa9572af87@protonmail.com,GOURW,IHNAEFBZAB,+639065344134
1c185b2a29eb.1f63c6ee01314ba57c03dba0db9c@hotmail.com,APKOEGY,BHNDEOKNW,+639072867906
f0b06a090a93b1280196ed_bba989eb96949db7445456d826@hotmail.com,ZUU,ETVJ,+639174466327
53f7f685.0e1baed17ad46495@gmail.com,GBCCCKHEOROC,MKLBZOWR,+639366113045
2de1858bb20c418b9fad37505e6c05ea@protonmail.com,WYICS,ERLHWPPBM,+639275898893
37f04bdbaf1c2449fce536112e83192771@yahoo.com,KTPWQKDGZM,PSKLIY,+639065663211
46bb8100d85a_cdf5@protonmail.com,YFYIZGA,VO,+639278512151
7EFC1878FCD7B2F787A5F7.8A1DA15A9BC212D11994079FFA6E@PROTONMAIL.COM,XJTVP,ACFPXROE,+639358930318
fc9a45b1f2.36f38a@gmail.com,OGOWWYQ,UHJEULIDQHDHI,+639186624329
8e07fd0ba1809888db0d6754b4f8d1b6@yahoo.com,AGOTEKLUBIH,OQCJJUGFWGDJT,+639263162979
36aa5ee6f3fa1f0ae9319e_b61594c6fb90ec@yahoo.com,UWLERLKQ,FQJMWFELZFVNN,+639288344425
690f2387b3_9aee8a0b4067e798ac@protonmail.com,OZHKIOTV,CKJPHCOP,+639084026259
b9b601e8af.b31bb35ab855376b2ce4c610cf@gmail.com,VFYNCIUZ,PDAGRIGVTAGRDO,+639284176646
65616f_82bfb1aaf043924740f8ed5e67b0@yahoo.com,IKJ,BKMHP,+639077139667
8abc96a3517e_3e648ebf66de2a8ff7b40048a81c@hotmail.com,MFQOVIU,ZNTNAWZNIEGHD,+639165321103
70491013cbd360d411cc9ed9c6@yahoo.com,MAXCVEJ,VKHLPUCPL,+639086232886
5b78d8e7e4_6f3befe23b80@yahoo.com,FGQD,WJXSERWQHVJ,+639362560019
d39a459023.ea2af29a3b0fa59e7b6687@hotmail.com,MQDFWGNSGU,EBXMQGZLW,09287847699
1b03c0a14341_f8637c725035fd6e0d7b@gmail.com,AMJ,JQO,+639351641525
43950ef3.cc4d836c4452673a@protonmail.com,IAUTQBQ,WVGSTWJWYFXK,+639077058536
837a19a79059f229f27a.7f7a26@hotmail.com,UAN,JCY,639466142267
650a8d.ba88ee13112197@hotmail.com,XFOZUJOXUCZ,EGBE,639165603504
5ed9cbaba596d878211e.ec462619c1f6b394ae59d8@hotmail.com,VVJWBLHNPQAC,UWURJOIZ,+639252555210
6811a485c8_019951a6d516c4ed88687b59@yahoo.com,DALSXGTCXTA,RK,9072529991
b5687324065ecfca08c89bff68b0aa50b2d8b5e0@yahoo.com,ARSXVSEBFB,WKSIYREXW,+639084517747
f7a5100a2bf5445c34804eb9_c9e4@yahoo.com,BONYZ,IHYHICK,0938 598 1947
85dd7821f12f65a5b13f_a3c9b308a5a093a2c401@protonmail.com,SUHZXABDMYU,LEWTM,+639281996069
c8d5dd824dc7dc33f6516a9da62c@hotmail.com,LXFRIFHLVSJ,XNO,+639387441056
9b4027a3f0951915c8b01cd8.25e43ab4@yahoo.com,FLOVNBAFKV,CWTQCOGWDJT,+639483201094
8dcbdb209600_d23933316b1fe8@protonmail.com,QEDZR,FKQINFREXPATCP,+639287491391
3c0b296a6e91278fea.63349a29529eb81e@protonmail.com,ZPYSOYBWRCJS,FZ,+639059573741
4ec0da6c74da_f655562c08287cc279@protonmail.com,ZMXJZUMPQ,EDFYF,09473666656
a1a5706b71be633b4ffe.4a3a@gmail.com,AGEFCE,DS,0915 525 9191
e1508a_77a656614cfab9b292@yahoo.com,FBZV,YWIQOMIOL,+639287452805
fee189e56e88548a3646.5f473f@hotmail.com,DNLGSARHQDR,JSBEXJFJCEH,+639273710560
b93462d1c8b1b4.48c9784fadeb6d51@yahoo.com,PVTO,GHEOLIV,+639467737182
43450693bf5f3a3a7f_9c40690bd6ace57e992c0b@gmail.com,UKULID,YAFRE,+639485933851
f5698725a3761bd61b256ee0_d1b874256ffc934c@hotmail.com,NOHNYXDYTCFS,XIKTTFU,+639062846887
652a0d867af689363ba7dbc01b@yahoo.com,QSNHKVQ,GHMHALWNFKBDAG,+639463998286
3f4c6879914e402882ca.3728f0@yahoo.com,ENSVQBOYRLIB,EQM,+639184171604
0fad86_f1ba9397581c40b682@protonmail.com,GVEDCQCOF,MDD,639177543774
1822978796c20f3f4c5f5c33de19f2f50170b922ffd233@gmail.com,TOXYHZGA,PXCVINR,+639268398055
9347b2fb76.fb6c72a2e5dfc100@yahoo.com,URZUJCAAAPTN,HLNUPDDW,639158406357
a02a8d81bdc561cc439d30_ba708fa5976c@gmail.com,XWYBDWRIVN,PMQWUBMDABUZE,+639455135446
a57bc30e23dcfa7f.b9769969@protonmail.com,YNA,RPUSFEHFWGEYMS,+639069011792
2a0b5c28.baf5aa6f5687da7da727a3f97e79@protonmail.com,ZAURSKI,YPFVG,+639186202226
f1f1af74_322cb061e88c3a@protonmail.com,MRTWMWB,QLCT,+639159202343
4d2ae73094a627bc3beb8919e4ba@yahoo.com,FNFDDJVQLZLX,FRF,+639486310582
ad526b80.88f47b295f2f6244cf6c18@gmail.com,FXBEBC,FXWEBHI,+639277155549
0aa3c77c65f0b96631_3457484851@yahoo.com,DZQITM,TQECMMTFQI,+639084926616
d070ac92.287ff662faa6454b74@protonmail.com,POLKFWYCBL,BGDOWQR,+639274973109
EB085D0F.B22C87312061FFD40C@PROTONMAIL.COM,RGAAEWC,CSCGCVO,+639457223454
ad681d.f6b8a24a20a80959de@yahoo.com,RWONFHEEGMU,SFPPNRBARXWJ,+639286525693
368770.cfc6614a@gmail.com,REFV,ALRTBBELRP,+639084576180
d4e7227e.c117daeed832bc9923e2@gmail.com,NJUDZBNL,VGK,639065179796
1f8553654264044d4c793c1139fc265970f0264f@hotmail.com,PRGLHDMMULFC,LXPRBGPR,+639173897497
8cf73b11730e.731a130b9d@hotmail.com,NTFPUTZBJ,WLRPHTHHEHQU,+639153185747
55716aa526896b59256cb451.b45daf171cf8350ff70443139d@gmail.com,YVNIFGKJEB,PZ,+639388309231
198b8458ce2be50fc10bf9c855a638d211@gmail.com,KTA,BZJLGM,+639075220930
e75f85ee6a3859d76d70@yahoo.com,OCOLFZDKCGGT,DOKNAPVRI,+639264053351
7cd24afed98545d1077c0022.20fa97e5e62136b82c8c6c8799@hotmail.com,ILAMB,YQNZ,+639487226201
a89430eefb91_ae8dbdb0a1b8759527d78eff1d@yahoo.com,FCRXSPAQCMH,AVADJ,+639153053914
1a9149ac7a_6be0e828e78981f36a@yahoo.com,VLEYSYAARYWS,KSF,9461806636
fe5e24ee6683cd26ab83135f31af29031f@protonmail.com,CGFB,DDBYCTINCHRS,+639288397272
85b4c09fa411_98bd9911927ce9c35f@gmail.com,HQYWMJEMFFG,SMBODWSBYUA,+639368976669
a50ad28851b40c5137805cc38474c1@protonmail.com,JQI,ZWIYBWKVETDORY,+639167252537
7b44ac4fb0ee.19df72904536@hotmail.com,OBIVXZHCZ,VYCNMAZIZVKU,0915 331 5793
1072b8654564c8387d_3d50309ac5d2ed3f62491d@yahoo.com,JOZIW,FIRTU,+639478108084
ebc4b237.68de39b31b4c28736346c4@yahoo.com,CGUQX,XDXO,+639387366300
9f887fffd5b9265b3b69907ba0de717295810260@gmail.com,CQPWBHFTSXAV,DSINM,+639284886521
beecb9c21befb92d56262800d0eba109@yahoo.com,EEQIEJCFFHX,AFPXJIDBDEW,+639276651248
de3f67818fde9c3ee0fdd4.bcef82e7ba9b9a3593@hotmail.com,MKYDOKQNDL,YSM,+639463273546
41496d9161.b0cfeb3c46@protonmail.com,TVFFLP,LCLWEDGGAKW,+639277861740
5daf2bc0_e482079f6efbd0@gmail.com,XCOXWJ,TTVAQHIHKI,+639486202718
32133496f42251@protonmail.com,GPBJM,PFIVJKKBBZQJD,+639372060461
e5f094d3.526ad9d937791bdc@protonmail.com,EZWLZKSWVO,IMQWFU,+639259156239
