email,fname,lname,mobile
171dd05276fa26_f3e358791f84@hotmail.com,RDKQJB,AZFYDTDJLP,639472469993
A66C0D16B47E186F081F16BB@PROTONMAIL.COM,AGBPSWTFBC,QCVMIVRCRKREBI,+639266266672
bc1fb61ff943.b3f0@hotmail.com,MPOV,YDQFLVF,9168203269
c3aba6f323c194ad8bc327f3.4503215d66e609db277f53@protonmail.com,MHNT,EJNPFNHLI,639054014836
81E5DC5216DC9881762A7B@HOTMAIL.COM,KDPRP,FSGLPOBVUJNLTU,+639181065895
31b8ee563c63dfe2eed228dab2cfa59b@yahoo.com,BZRIRHPDRGWO,ETAKY,09083135167
a9cd54f1f9fade4cf3cf45ab.239a@hotmail.com,GGKDD,CYTNZ,+639355779215
53fc53ad7af002a5625d9239@hotmail.com / 639087249070,SHFVDHJV,BQ,
0b1a4a8ba3b55dac739d.0e84e7@gmail.com,HDGX,KCGRSIAXHMZ,639285912622
CAA22054238B.711A4289@YAHOO.COM,RIFWP,JQHFAVU,+639074296702
7154f3459d16c517_c4bba17ae7a229c30b@yahoo.com,NYZIPWRSQDL,SHR,+639075264387
b3b2810ef05837_74a3a981637fe2@protonmail.com,GYXJOSA,WZLOAYFGFQV,+639377481111
3F470E9FE474BB15BB60.C80FA6696AD701C1991C103D6BD2@YAHOO.COM,RBWRUI,QSSGOXVAZPZQ,+639253268688
641f0fbf1a86.66c4f0@gmail.com / 639084965645,AEBWVIOERZBL,FGV,
4ba27209812ef4_f34dd6dcb3736f@hotmail.com,YBIPW,KQVQE,+639272940100
2ce16e5dcbea6eb487797a7b5b9b868c945d@hotmail.com / 9455023151,NZQZJZWE,TGDWSHDXDP,
95E71F84739FEE4B8AC8B70F_5F30AA4552C6@PROTONMAIL.COM,CRNCG,OKC,+639373779152
F3CDA4DA6C6157FBEC08659FB7F84D8A@YAHOO.COM,TIG,HD,+639189218070
5009c65b25a27a_03dd7014@yahoo.com / 9455961296,EZWTPZFU,SHLHZBHQB,
1996D63C43.858F0F7C1CEC@HOTMAIL.COM,QWTUA,YNWVGFZE,+639483878324
A03B653D578E_4600A1ABBCAE@GMAIL.COM,SSMR,AGAMZQFGWK,+639058550121
a0d8fa2c_1d43d6942f19c2277b2f@gmail.com,BTNXDST,SFROLFNPYONS,0928 501 8247
a2f79b310492a4328e7342fb819adba2@protonmail.com,AMHTQ,OCIGLGBXILHCL,+639477439076
c83190408f55a3e36f52.62138f2761f164@hotmail.com,TFTHCTRORHYH,XPJZBOYZBBR,+639355866642
9963AF89B847ADCEE66C.021DD0EF@HOTMAIL.COM,QVAHWWKMA,IX,+639169707832
1ccf85a5d7a3_c10c35905985b12e1fad0276b8@protonmail.com,ODYAAFW,SSREGK,+639268266982
844fa506a707f525_4e8215a93628a0697e@gmail.com,FNYS,FBZVDQOD,+639085982803
3fc79ab1e80c_1239a9@yahoo.com,NQRHIBMGAUO,LMQBC,+639054716310
0aa3f751_095d2ba4a3d35fc6a3d01b@gmail.com,KMZJAKHZ,TSTND,0926 503 6938
38D62E20F64A723358AD.AF7FD8DC9C51AB9907CB@GMAIL.COM,KYAQFTLCWJJK,KYQXVV,+639167929162
BDDE110FC7_7F8E22@PROTONMAIL.COM,UPLGNPIHKH,BUFUSUBU,+639178881559
42239fa8eb32ef_0f7119@gmail.com,RREN,HQXTBSU,+639267327699
D68CA55AEC.D064AFC7CD672BCF86A468@HOTMAIL.COM,HGFHAQEPPX,AZKNCOC,+639355781490
c86cb60ab61b58d0f338_66dd44256cb1@hotmail.com,DXXQOCVYOLYP,YFIPSBBUZPNBHA,0925 278 0661
fd3d16a8014a52@yahoo.com,KEVBV,RWIRGKFOEXDYB,639355404128
6389dd_e52f81fba7fa2fcbb77f@gmail.com,PQKVTQLDIH,OPH,0906 957 0626
1659c537bee53ef3df_796a1f46a020a31f6f@yahoo.com,HALEBDSRSRJ,VYTOEZPS,+639186272164
a8ab48b931a039e04cb3edb09c574d@protonmail.com,MWWHCPLRUCQT,KHSIQZJJVZ,+639077120744
8ABC96A3517E_3E648EBF66DE2A8FF7B40048A81C@HOTMAIL.COM,MFQOVIU,ZNTNAWZNIEGHD,+639165321103
9d828c_18f6e1e6@gmail.com,WTYPBC,PT,0945 247 7527
a1a5706b71be633b4ffe.4a3a@gmail.com,AGEFCE,DS,+639155259191
b39284d34ac2913d924cba33.417cb6fea2260b519e@yahoo.com / 0936 241 3017,ELQPMAKMX,LWZXW,
baa53141db534c2ea57c5b.7c0038daebc8e5@protonmail.com,VJEMW,ADHQMZEZ,+639285367545
7f6cde4bc9a731a54b3c.c792c26fb9c47e4ab651c3fb4b@gmail.com / 09476374868,RMV,UX,
497FE3_9F4C328074190B93@GMAIL.COM,WJXMERIXGIQ,WIWYBINRUTLKQ,+639082964325
5E33BAF812AD8A573441DB80_409621E3527D3A5C9582A7EBBC@YAHOO.COM,PNHWD,FEW,+639361873008
c3e1aa.d7fadd4b8c1e0272@gmail.com,XXOGWNPQUJ,RCITZCQ,+639254879856
34e53b16033c4ca11d.3ac28304@yahoo.com,BIROMGO,FFTAPEFSV,09387160243
aec2ca0bb0bc1ff902_324f@hotmail.com,VKC,VYEQISSQNCPH,+639465678133
cb676b5dc5daa3141dc1f7e7d0586e@yahoo.com,JFMQKLNDPP,FTUPVXNVMQJYP,+639167907996
ae6a2c18a3_58b01382d87e39824c2d6323cb@yahoo.com,AHNYX,BPSKPEWZLKK,9287537164
2536d063ec7abf92e6b1.bb521d7f940625@hotmail.com,GZWLBEMBB,KKUHPGNW,+639087091471
d12ce8d6f7fb77db8e.4603bdad83@hotmail.com,VSTG,UIUIPX,09482645893
bc02dfd369b621a6.0f6cb9531cdfa7@hotmail.com / 0937 997 5637,YJWENXXPC,AQYCXTZTMVCFOM,
321E1E28DACAB93CBEB244B145994B2C@HOTMAIL.COM,GQLTMV,KS,+639172403400
376f6dcbfd35dbdf0ff07f5609c55acf56b5cf2ff6@gmail.com,LMCZYTCD,QYSJKWLCOLPYA,+639068966194
8cd65a856a12.eb70719a76335aa6391c@hotmail.com,YVTURROTVOAP,ZKLPPSYLBUQ,+639062662314
2c91d3806b1f0fb8cd954892f21e78aa18ee75e046f8@hotmail.com,UDZJCDRTOL,DTWCFYXNW,+639085117018
0e85a865858a_955e58c22d46@hotmail.com,EGLPNGZZU,ZCO,+639057985994
85dd7821f12f65a5b13f_a3c9b308a5a093a2c401@protonmail.com,SUHZXABDMYU,LEWTM,09281996069
a89430eefb91_ae8dbdb0a1b8759527d78eff1d@yahoo.com,FCRXSPAQCMH,AVADJ,639153053914
f759037d824e86188e681956f3@hotmail.com,OOVNQRG,WEOUXN,+639163806445
7AA0C2E6BBDCDC8E2D2CB6BE0D6EAD532C1A26@HOTMAIL.COM,AMTQQ,KDLQHQKEXMVA,+639067289390
40c5c6c091d0fbdc3e401ea246fb880816f0f3e46b8a@protonmail.com,VTG,XXPFFVFCGMG,9352077858
196c247618.ce3b@protonmail.com,GHLN,XUNXT,09269138133
d70bbda065086cc2b6eeb91db436e827@gmail.com,RFOSZKO,BHUJQHKWB,+639168112870
21bb44688d_e46edfff3b@yahoo.com / 0918 235 2396,OHIMO,UC,
DEF4898778_11F0443AC077DF5C84C2C5E8@PROTONMAIL.COM,LCZTGWEC,IL,+639483811097
77b5bbf73e93ab1e7d3f.2b6d10dc7343@protonmail.com,IJGOXKHC,WYGYPYTEXGSZP,+639167483583
36aa5ee6f3fa1f0ae9319e_b61594c6fb90ec@yahoo.com,UWLERLKQ,FQJMWFELZFVNN,+639288344425
222df317e66a335527.ba78b16ee174a20b4cfa@yahoo.com / 09064501323,DRRIUA,UVZYSBYQPGZPTC,
c6cf41fbdbe8b901cce146_0185@protonmail.com,XZZRSHKNLIVR,JJZCCSVMGQWHAB,+639253696177
CF1237F42444C70B_EBE3C347D240DA2F32@HOTMAIL.COM,STIQMTFKEOFH,QPPLL,+639259719367
39a85729c9d963a143af3d1d_4aadc53976a0ba6bd65ed0fc914e@protonmail.com / 0936 134 4646,ZCTKCAVIYZZ,OT,
dfb977c184b7e3.938002ef4558@yahoo.com,GJQYMY,NIKH,+639152260266
17609EBBEC.1E31E78E4AE250BC@HOTMAIL.COM,IWSYJNPMVZZC,VH,+639371803169
1998C4C17C6082847DE739C49508AA@YAHOO.COM,GSJAGOJQE,BTBMVYPPAX,+639167034977
6eb317d66eeb35476d_33345931901063e8e5d10bfb7e@protonmail.com / 9161216891,MACPDTVEK,CXRUCUOIMCFDY,
127d91be3dfa0aef4bb8069c.b1dfad1d5586903497@protonmail.com,TRWSBCYBNY,IYTVTCNDJBE,0947 652 8978
6E768FCCDC3B4EA7459F91DF71435B907BE5728C@GMAIL.COM,EDHFGKTWYY,XJMNN,+639271892253
047B0C3E99A1CA46E7A2992F2021495E313070087924@YAHOO.COM,VNDRCRTS,EWTV,+639057219593
a3245f1b15e5c43645_a4f499@yahoo.com,QBL,JNWFMPW,639151541530
645b74994d47843a99b916059a748f65b513ed2818355eeadb1f@protonmail.com,WIUYOKN,XGRUKTUG,0925 897 5337
a1ed1c.cee66fb5@protonmail.com,CMYITJS,UEZYJDM,+639275954873
c1e2a97bc9a08f17111f7821c8d4ece880@protonmail.com,BSSJZCSBQXD,CQSN,09273626488
a2981745_42fd13c44c@protonmail.com / 09081333044,YKIQOIVVDRF,BYA,
a1cd3fd0d419e33ca706c09442b958@yahoo.com,BNJKJYAY,UGTTKNNDYF,+639183491974
71578c639ecf3e102f6ab6eb2979bfc3d8ac2a@yahoo.com,DFXDAVLXS,RVR,9474789958
e5f094d3.526ad9d937791bdc@protonmail.com,EZWLZKSWVO,IMQWFU,+639259156239
176147.2509497c@hotmail.com,GPXPPIWD,RCDHOMBQF,+639069431992
BF7F00F9257D21EE6CDE@YAHOO.COM,CXNDDHQ,BVUGWBCOQZ,+639462864851
702ea7ac36e7d83355e517f7@hotmail.com,MWJMEZ,IJA,639083045159
fde8794c7931.dfbd4ceda87924721a0b751ab5e4@yahoo.com,PBEAFCVVGN,YCZLFUEZVGXBX,+639153963714
f0b06a090a93b1280196ed_bba989eb96949db7445456d826@hotmail.com,ZUU,ETVJ,+639174466327
43A9E2BE4016_AB059054098E66F8CB@PROTONMAIL.COM,GUYIMB,DAHCCDLEOZ,+639076785248
017ca04fa021a58f7006b1d9_3967ab4632f312d59f@protonmail.com / 639181569419,DLUXKBLOVU,DMQHVKMZI,
e9ce71_c1d4f0dcabf922@hotmail.com,UYWJBJRED,NZOOUWI,+639389662337
134D05D87F964602DB8EE712.1AAB2EBE5D5D8DDDD4EBB6@PROTONMAIL.COM,KRDBIHL,CXGFOIAZRZ,+639187277297
428a874332509dfc4b4591.61ed28048e7970c313e8f9e192@gmail.com,UNX,NZHPKYSBVV,+639373260914
e24086ef215adf_ab99c640bd30ed@gmail.com / 639181597962,YMB,BNSSYP,
ea60d5fa09eac06521ad0c983d583201e4f80db8@hotmail.com,IJKW,BCGUFXZW,+639256505033
70529a90.80e9c06d98e1b0726b@protonmail.com,QRH,VFSLYSHWC,+639452089307
7c8ccce50da8a41e7e9f_9effeecc9f43@hotmail.com,VRENNIFHJJHR,FSLYM,639468228835
fb70ce5e2c02f186a397c0_93257b89781e0e304ef41e2c05df@protonmail.com,XPKPAAU,LHDGVRNGZCBRS,+639355004731
9ceb69025590f3d3c5618a74@yahoo.com,HCDJK,BFWNC,9065873663
e4d047279ac60d40de43165c5f0bce7fda6b2c@yahoo.com,QGBX,EBDLWUCFJWQDG,9372802926
e3567721f3d1512a7d94036ddb@protonmail.com,EKVWZUG,CPUBXNXWC,+639366719205
1d710b10143b_226ed077b996e750c9d9a08dcd03@hotmail.com / 639483731983,UABCETJ,SKYAKS,
d41e562f46d3.946d01@protonmail.com,CVEEFVNPPMSP,ABXQORSQDSBI,639177335593
d057b60c1b8ad70cc61c3f993100@hotmail.com,NABWD,UYALNTKCCYFQ,+639189534200
9d64c0a55587391bb562ad9a9312@yahoo.com,HJDKDLJOMK,HDYWLY,+639371552579
84520b0572ed754fa8.cb2729dc01f3@protonmail.com,ELZQRVCHHDH,XWJGUFGFQHE,639176268987
0730d49803cb1637da61fd.99a73c43f4@gmail.com,VEDRINWQJYAT,QBGXCY,+639384941426
ab417b1dac33.5fce@gmail.com,ENRMNTEFBDNU,LVOUFVMIPRU,+639188363358
d673bfd921eea937434b32236a9521@protonmail.com / 9254241426,NGQXBPSP,CUOK,
A6E2BA_1C3C87F79D5E252D6BDC@PROTONMAIL.COM,RRUFTNHQ,PLXPBROTF,+639277795454
13ad1b3ef0c3e411cbb2.320916559fc80f3403@gmail.com,CEATDRZL,EP,+639183843462
3c180c298404d2e212f00ee9_1a9f22@yahoo.com,FZMOYCJL,XR,+639282466461
adf2239f8a6f5d_0fec3d@yahoo.com,VJEZSAT,TQGTVEYAL,+639287703748
fe387d39005a3cf49e438a709eff6cd45d5a3c@protonmail.com / 639473280545,SLHDEMTRORB,LHDIWSXISGHKX,
A47116060C40A52995DE4F3F0B99FBA0B1B42C70C99B@PROTONMAIL.COM,PRLMVJCXQQF,CHTHK,+639064919831
2d3d7a12d4.22de51d613c02b20105fd9@hotmail.com / 09178791804,HUR,UUYO,
e2bfe007329161b3.c84931530c6107@protonmail.com,WQUKVBEQXB,FLWNUK,9153580634
6d4fd5b46abfe502e647_1939bb27@gmail.com,QQRIYTI,SVGIUXONKQ,639088547877
35fd9d40159c6979c9_7136@hotmail.com,ZHZXGAYLIPA,TFNZUAUTF,+639055789192
30E801E20B07433449607652DDBE1B3F55B48E@GMAIL.COM,STGWUBMDBU,CGUMJFANHIN,+639278521878
fee189e56e88548a3646.5f473f@hotmail.com / 9273710560,DNLGSARHQDR,JSBEXJFJCEH,
58989071433c3478aa747d.876f28c924d8032751b33f45@hotmail.com,TAVW,ZARP,+639182654697
511bc7512abedc20_21fe9d5b0e@protonmail.com,SHDV,FSD,+639467583339
E320BC3EEBED5C4623C8.02E022@HOTMAIL.COM,BQIPFZCEGEEU,GHZLCXXHV,+639168755900
4aaa80459613.d46b194f0cdb1a@hotmail.com,PIJXXIQPZRXU,KEQGZ,+639372025805
05d4625c05bb22a0.f36ad0b829608036@yahoo.com / 639464978529,QGTFGPSIV,ETIWSCNLAZB,
f1e9a7.87f9741b9e13cf6d6f@protonmail.com,ESHXMHR,TTFSLBPOZY,+639267215046
58250bd357b0623a3f.5285c662e33bcf7c@protonmail.com,CIASMIC,QJUMIZYBTPUC,+639456902444
fa3613701d3237e1d8717bd04cfb@hotmail.com,METEKS,WYWHIKNQDVWDZ,+639271186612
635fc4fa67653f1cd326b7280a8e80dd@hotmail.com,IRZ,BXTABVYBVXRNA,+639174406794
AFB6B2916C1BF9CF2DD26562AEA4FE@GMAIL.COM,RLENJJLC,LDSDV,+639175220175
d14bad666884_560a46373dc1@yahoo.com,NLDG,GDWM,+639079734047
fe5e24ee6683cd26ab83135f31af29031f@protonmail.com,CGFB,DDBYCTINCHRS,+639288397272
13E9FD17922828.A843BF@PROTONMAIL.COM,GENVO,VFI,+639255086335
a2f10c446722b196b38573ccedb52eddc9ea8f3da8@gmail.com,NEZZBG,RLHMZ,+639057145392
eb76c47eac00a6.a5c4dd990c9b3e6fa031cf72@protonmail.com,YGSLWQDIX,CUELEQQHTIGENM,9159060230
7fb57947d5ed6189f98850e1018206@gmail.com,IDIY,UB,+639352857805
4CE3503976CB2BF1320E.2ABCF5@PROTONMAIL.COM,DJPTXJSXJKF,ONRZTW,+639069453618
363c96_f5ee36@gmail.com,ZIOXPSGIO,QHRKWGGF,+639375334360
3c7145d5a0af5626a6f9ca_14f831672590@gmail.com,RBBR,JRL,+639384361021
3234b6cf97927c672a.d6fbcf2d72041426dd2c@yahoo.com,KDDZRLVB,SBKVSCQ,+639274663080
8f68b7b8566be4fb04340da85fb96e64@hotmail.com,WFFBIKEHX,CQDSUKTANYR,+639471720721
d03ae1ecdc.5652f5633c4a3203ec98ba3d63@protonmail.com,MMFYPLSZ,LEUEKRYURO,+639185504049
df245b64728d600a.d332ca07814bb969370d4e2176@gmail.com,JOQVDFBSP,UO,+639481400132
9c65367f42c9f13b.ad156ec4374763cb56b2f79071@gmail.com,OATHFZLOMG,GCMYOZK,639266663672
10f2cda34c8c1121212506@hotmail.com,RNIH,CPVNBYYKW,+639069635737
72bc685b.17476b58582f2087cda380eb5391@hotmail.com,HDLWLEY,IJQ,+639389363725
bc5d2264ae2b187f_77af4b2f6e1fbc3ea4d78f7e31da@yahoo.com,NTOWXZGIQ,MTMOYLKVNVU,0928 743 4693
4ec0da6c74da_f655562c08287cc279@protonmail.com,ZMXJZUMPQ,EDFYF,+639473666656
07c32f9943b543b2dba88af3@hotmail.com,XBJOZTD,UW,+639473356532
5F0EEEE8.08FE7D939FBAAE6FBFDC@PROTONMAIL.COM,GMOHIYBFAEV,QEQNMJW,+639066693867
161c2429a58f13fb745de3_db60d5e0769492@yahoo.com,IBVTX,XCZSR,+639462808272
7030798ADF9A22805AEF05.8C70589085B47DFA0CEC151997D6@PROTONMAIL.COM,KTTTIYIWOZ,YMKBBCC,+639167280054
3387c4.f47984de981e7198a3@hotmail.com,MCGD,JNLGS,+639052064405
5fd6b7052c9671d3ec6eff619ba59c6af3@gmail.com,AFAKP,HYIORXMM,+639367236380
4942522D966CD89502612E4E92AC46E0C014AB62@PROTONMAIL.COM,YJDDKPDHXI,EEPLOWPJCTIL,+639153068306
ab35f45e1f484e10c25c.8b917e9edebb01725e552f@protonmail.com,CQCQBIDGXY,WRZJ,+639178158046
fd1bc17411fd485a.ae8c@gmail.com,WUYIK,NAUGAVIUFNTUT,09357097550
9C96A0DF_9119F3@PROTONMAIL.COM,JBEWRX,WDMY,+639087220081
8a349a5c73766264.0337e016a497defc5f@gmail.com,VYOTKPNLZT,BG,+639265676741
b6c6976435_d3e59339785e23c1f17b2c6e@yahoo.com,GXIIFYAS,QHDMASXHSE,+639089899699
85abc3fc7193bd0f012d@gmail.com,IGQFE,NMBALDAP,+639458143356
F6C923.8A6A89@PROTONMAIL.COM,IZPJIXKJK,JN,+639175893469
446827170ef836ccb50651_de63@hotmail.com,QRELU,ZXORFXVRGQ,+639358722864
ecadd97c4e22775b7e5da48c1c7d5d@gmail.com / 09267560638,EFDBGLA,SOHTJHS,
87b1c7b46adf7674696f45001c71cdca96a29d@protonmail.com,PUEYZQ,QPRKXLXFMAA,+639055577457
0c12ef9d15451a8213ab50dbf1@protonmail.com,NRC,KAPPNIODLTSEN,9184874410
c4b4393e47616b41d8_48f0636bef23f6b90045e0a6eb@protonmail.com,LAFHXO,PUXYUMMGG,+639056585717
8e1a970dd88c036ff881a4ce4a1c@hotmail.com,XST,LMYFQAGJLZSND,639362274167
caf2ec9c48b0_19ad532aa36a20@hotmail.com,PCAJFPIDBZE,GXJDCJSCZOK,+639372686067
9f887fffd5b9265b3b69907ba0de717295810260@gmail.com / 639284886521,CQPWBHFTSXAV,DSINM,
F5698725A3761BD61B256EE0_D1B874256FFC934C@HOTMAIL.COM,NOHNYXDYTCFS,XIKTTFU,+639062846887
6c5f487f71986764921cbfdc53@yahoo.com,NVSGQQHHEFR,WNJQDKG,639467237201
146be8d9d4363f91_3f4bc73974a203e0@protonmail.com,TXY,WLUIR,+639257939054
1e331172f5e544be65_82ebccbb435441@yahoo.com,RWVFYYSJU,IXODPHZW,639177389435
9697a5c4_399ca03e47ddf12dd163f270b4@yahoo.com / 09481984951,TEZBPYEOCO,AMDRHMPFKPDWFW,
cc23d6.534292699e206566f7f1c938@gmail.com / 09382212417,AKKK,QNPXZDY,
52d23e4d89b102_a8782779a5@protonmail.com,EVJNZVIU,HXFRIUNFUJNQJN,+639282365305
F24E623BEC6C0AC2FCDBC0E4.5EEEF3AC1E@PROTONMAIL.COM,NRBTSXAQQ,RQGHAWRNELDSUI,+639186526504
80969be029a96448e58d2b4a.66e41c782d2c81@gmail.com,AORVLQH,WSHYSEQ,+639462640274
921616cd27_6f5bb0@yahoo.com,ZWR,MJXNZAXRMLIYP,0936 788 2020
BD0F3731CF954BB12B.B5794AD9608C607F@PROTONMAIL.COM,DYLQD,ARWMLCRUXQ,+639079994098
f6150475562aa7dd24b1da@hotmail.com,GIDV,GOD,+639368669983
5d00715ab69f0fbbf4.67e841@hotmail.com,POP,OF,0946 233 9820
7d6188.7d93@yahoo.com,PHLCP,YXRR,+639089191044
6811a485c8_019951a6d516c4ed88687b59@yahoo.com,DALSXGTCXTA,RK,+639072529991
1bc7e12d9176_455770a6@gmail.com / 639063735787,UESCCSHP,ILSCHI,
e0114ead71_97eefa50@gmail.com,JMPF,AOKDZ,+639456943932
C75A92E6C918BBC0A3_28E23E81D63989@GMAIL.COM,ECFQJLNWOREJ,YV,+639269942589
35fc8d71065bbe_2b30@hotmail.com / 9466083776,YHAU,AVOK,
9fcc7a961241c85886c9.2e6b8d1c44127c0c09@gmail.com / 9188208110,BART,RFQHXZXTK,
D76A7C5DFA423699931E8FB7847500C074F903AA@YAHOO.COM,HWNIYTEBB,DZEKZNESQDKK,+639281183349
16ff45f96551d50ace@gmail.com / 9383598055,IUPXBDV,ZJQHDIWKJ,
FA9431B3_90CD2F4AC76C395E891DB10BCD@GMAIL.COM,FRPXJXEDHDNL,ECZFUNBVS,+639159413941
04656F1F8AD3.76223CD4BC20FF4F43EEC694@GMAIL.COM,ISU,DIMBBERNKX,+639382869224
522215DFA4520EACB87F78@GMAIL.COM,CCSLKQMTLCXY,UZHQ,+639058062282
ebefcb72bc6269.4645bb992a@protonmail.com,FFIA,WROROMAO,639284689974
F6430A223A80CD5E_B6BD9B10AA1FDD3EF83A67@HOTMAIL.COM,MCJDRX,MVRSQTLGQ,+639277429736
C36E7DAA76EFB139BB@HOTMAIL.COM,HZBMQNM,ILY,+639452962845
a402f9ccbd_cf83152a830f01ae9de8@gmail.com,HAZOBTFMVMQ,SKBF,+639181669208
fa1168bb6f2d9a034168d0ea48c1cf@gmail.com,UMLAUOE,HOIUJWZVBQ,+639283363408
674423dea9.358f4fc3@protonmail.com,UARHUZNQSERM,JE,+639355039983
839905cc012c7abbfe9862a1.0c7b3094@hotmail.com,FDTCLKPRN,MVRGRIE,+639157968545
3ba5136c03b079.638ff7a152223dd3cf36bbcd27@protonmail.com / 0946 816 4330,OJS,SQILBFRSRXJYNU,
3b4c3bee16cb0248693c9b98055760ff9eb33705@protonmail.com,NUQCJYQG,UN,639463728553
208abf257eea0485f66e22480c267fc9237690c1ad@yahoo.com,DOSCADQKY,YAFGHOACJV,+639383078467
8d89bf00697a7bcc700cba11_7caa4a23aaa34886@yahoo.com / 9479972692,SVSN,OMIKGBP,
d4ac2495_3e32bb0647b2bf98ef3d96@gmail.com,MFUH,TIELBGRYD,+639084578688
DD0A1707.73D0D74A0E3C@PROTONMAIL.COM,TINX,YNEYOX,+639361785465
11d5170d979d7acc.3f1914f036f614d4@yahoo.com,RJG,SLATFOOJABJVH,+639056348394
f75b3c02b828ffeaaf.b4f2e0e5c77a97cf@protonmail.com,ZMZ,NZBZTS,+639158445048
9c99f0d1478126_d0f4a300@gmail.com,XMQLZVE,UT,+639155277133
096706d1cbdd3f0233bf97391814@protonmail.com,JAENMBCJIDG,XTUQWQASS,+639279378914
9A5649183E16.101B45C83C@YAHOO.COM,ROLABL,GIPSVAQMYSQEE,+639055573427
84D4AA13D52401DCD2DCAED7F78F9371240C0237@GMAIL.COM,BBEB,DXXLOGSZOQR,+639057541194
01bb71ebc70823_918646b8d1db93d3d0139b@protonmail.com / 9069987281,YTPPDHMWEP,IOJUMZMQYNWR,
898a6ab17435db90_864382d460@protonmail.com,ZRINRGKKEP,CKMQFSOMFDW,+639156327148
CF3CB632F8_6F243423B8@YAHOO.COM,PGN,HNAXDTQCKXSGF,+639171195597
83c21df9f87751e76f81.36b04cc013f08db0421b@gmail.com,JFJJJ,CCMDZAEGMF,+639281550073
804cd882175e7dbd_5a2f@protonmail.com,TQELRDJXWTN,VJVJORBGZ,+639184028107
fb311caabf73c82cdfdf5d_daf610@hotmail.com,VAXAASVLTRJ,ZIOTCWI,9078787057
e74e6300b93d5f20d091f724c768@yahoo.com,BVGRNQ,EGGYYREAPJYJ,09481111337
e68bbdc9cb4f7237.fa55fde08bf7@yahoo.com,ISRARBKLMS,MMYCZURA,639377198959
e5b1f3f52ae95879471b_35387523593f49d87d@protonmail.com,SNVRKX,HGPDPVHG,+639251393643
EE09163D38A037A74D88DB.09661ECE3CFA@HOTMAIL.COM,LKRHGLRZ,BPRSWFO,+639351496231
68D7A63A17183EED_F20C3F7794A22F9FDDD13AF5@HOTMAIL.COM,GPOJNLJEMZ,UOKRCPVQTPJ,+639187102277
294609de4d9c80214501164f_e5f8946fce08e25a53cb@protonmail.com,YBKTUPVN,TPZSDHGK,+639185429656
6b8d2e3a8e173c1ff226509831f66f0f2ae12f5b0c@hotmail.com,AEIJBXZHPLJ,PBBKPT,+639484020837
c009109a8441d418.e1644fc162b4@hotmail.com,HUNGP,HFFTEZZNMJC,9466022367
79cff3e6ee4f85.d3f8f54e1140797ef5248d@yahoo.com,XOPL,ZKP,+639053231842
b48813a6fe99af89f351_674acc5813577a@gmail.com,QXVWLRJVB,RYEQSVZRWPPUN,09177055504
456842d85199cafee9cd92ed_d46222165aef493300c10e24e1@protonmail.com,SGACL,BFSJXRCBEEHH,+639077195595
20e22a9726238e79599c.a4c91ed2ef1cff44afec@protonmail.com,XDEXI,DDE,+639481613561
009746e340b161_d3af03bb553480c64052@protonmail.com,CPJPE,YXHQGFZXZOPXA,+639457233017
628B4B731A395C57.179DA611635297A1@HOTMAIL.COM,NSSNGXM,TXZJAZ,+639479410815
289b5c_3e1fcece4bdae7@yahoo.com,OOJJSM,GZF,9169921535
0b01ec709f768e6041589494965e6a50@yahoo.com,NIXLXCKQ,JGVAY,+639068719883
606ee39d4ad79ddc_de2a1572@protonmail.com,SJR,QJHZREC,+639363338690
cbd7570d8b.a90797@yahoo.com,RFRUHVYLW,XIES,639153403751
dedce369.ebf2b2acd99d1d877e2d6845aa43@protonmail.com,JOPXETPBAT,LGZXN,+639387945169
c6f43f1fe4a1ff623caf@protonmail.com,UQQQLVGLRT,PEGGDKKFDQM,0946 414 4498
9cb70600050172f512f3aa.ecf4@hotmail.com,AMOVHWF,ESREMZNI,9179002607
c3e4ec3531a16a7cd6556919ae96b57a1c96@hotmail.com,SXID,FNB,+639156267239
1d4a925a.457087a2@protonmail.com,FHKLVHGXH,MEMEM,+639065711933
33AB48CDD040C1.DDD8A362808434837724CA@HOTMAIL.COM,EKGGVL,IVTEAXWTM,+639154905016
bd19cf68b7_e51209e8ad457c7b4bde596573@gmail.com / 9084243643,PNKN,BETVFOIDLJWLZ,
9FEA69123907D210.2CDF91470AA3FB9AE1@GMAIL.COM,XUMHGODYP,OSCPLOE,+639087259917
6ced47e90c86eb1de270df02c3@hotmail.com / 09355978340,YACCLNHMDSAK,ZPELVBWVG,
5b78d8e7e4_6f3befe23b80@yahoo.com / 639362560019,FGQD,WJXSERWQHVJ,
4d2ae73094a627bc3beb8919e4ba@yahoo.com,FNFDDJVQLZLX,FRF,+639486310582
c5628d.1a25212910b04efc3b@protonmail.com / 639282160703,FJFAUYT,JWFUQNAJOKTTF,
73275ae613b483_bc73@hotmail.com,TIRA,DDXGXSFHJQZD,+639188234345
4684ad3dc3a29592fc6e256e226f706dd0389cb51607@yahoo.com / 0947 288 3158,MSN,NXGBFKAV,
d398da1d700ee7d928_f2e1550bd30a@yahoo.com,YIXXLTYK,IHSLYNOWU,09162937076
550c6a594f1d9779.357a7a71a72b0dff@protonmail.com / 09258699005,VNEEOMLE,QLXYJBEGL,
2A6CF3F5993BE9453EB31000F4E615E297FF9BEB@PROTONMAIL.COM,SDGWJUJCTQGZ,YDLCJXKECXI,+639484260539
18668e1b0903b0ce6fa9_41aea6589c2913ee7040f6c0c7@yahoo.com / 0936 286 2819,PGKRVRE,CWIXFUPNWPP,
0fad86_f1ba9397581c40b682@protonmail.com,GVEDCQCOF,MDD,+639177543774
0408cc08049ccea02949.7cc3179a792b@hotmail.com,JHOCGW,AIGSOD,+639278509061
C759E10B68A9D2AC9E83E2E6@PROTONMAIL.COM,KIBLRDPT,YZVNBTXWPDVPHR,+639163057994
353b8fff.5558edeb84dba4@protonmail.com,ONDTFX,TAF,+639069918088
0b5733d7460c3df9_f101975454d58ee8@protonmail.com / 09152740698,VNOYDALGBIIS,FISK,
59f21b361081d34b3bee5fa663f9a0@yahoo.com,ROX,QXIHAHTNX,0937 656 2382
57888ebf6b12b0.adde@yahoo.com / 9152740088,TQEPZBOMDAW,VQCC,
7606ea3c0cc938dba472@protonmail.com / 0917 467 1448,CYPVJHLBZQ,ZXIH,
66ea0609844cab0d621183.ed969a038ed299320c@gmail.com,TBZXDEFGZIZ,ZEQQALLEGXMHW,+639486662672
c7817d7a68912186b4dcf3a3414b82b6099a2ecf998ec3c692@gmail.com,VKG,DSVYNLVNFKDT,0937 362 3959
00702756b22cdae1_cc743021bc0e2c7a41@gmail.com,FOVMEKSLMXW,LRLKUVDURHAV,+639351248280
c0277e4165cbe3da2276_70ea859bb40fdbf9@yahoo.com,YOSOMOGPIRKQ,WE,+639462252593
3d108d57.40814ace6feb55529359201e1a24@yahoo.com,OXCULILUB,MD,+639354882220
7a322044020db0710da9.2256d8e6c5d6@yahoo.com / 639453067940,TVQMGRKGKE,MNE,
95f86fcdddf426_bf0c33da929c@protonmail.com,SGSMNBTHJV,ASWFN,+639167864663
e0fb91295f62b9_1d1e99fb3a466bd3d4444d0645@hotmail.com / 9289373911,SSDILY,TRHDSNGOIPMKB,
e7fad7a4c79cb620bf4b60ef_4fd7396bf858@protonmail.com,OZA,FKFBNQU,+639262932933
afce1a1dd9.3b6e59d655b70f@protonmail.com,JJYC,BNJZUMFKUE,639362290393
34f0bbba6945b9795e_4e2115528a@yahoo.com,BVETXRSDD,ZM,+639164592571
8065135F80850E3886417E2C45D0F62ABF@PROTONMAIL.COM,IFOCPSUCLHPG,PFAJVW,+639171453252
82db4ca1411dd152079738e579721c16301bf0ba60@protonmail.com,AID,AYOKJER,+639378530112
2E8F39656CF858FD_E297F3E56B346ACA45769A@PROTONMAIL.COM,IECXTCBP,VWEDJKGVOCR,+639165734298
b6675c_3466e55c4b9695204de43e89e2@hotmail.com,IFDTQWIYSUYP,DJIIBIRACOUJPS,639279240749
3c0c1b500ef461638e6e216ad303f1ae7322@protonmail.com,MSOJBFIIA,GFYKWAUMBBNGBM,9188290961
53abacc42c833b3ceafda9506f5f52ba999f739b@protonmail.com,QDIHQLWI,VJ,9176315609
81521051e3edeb14507f0a19_27eff62a37@hotmail.com,IZWLOWLWI,FQLJURXEIVAYSM,+639258284342
2c733d5feb689adc.45c4fd72@yahoo.com / 09289247455,MSAPKKRVR,FULN,
2662e924ae4d5422ab53bf113184c01b@protonmail.com / 0947 535 1330,IOPRUMBFTVXR,KGKGHGNQ,
12ded67bd5e23730c9f6c9_d453b3@protonmail.com,CALPSICE,GFU,+639255477590
54b3a1d7_26b9257035558be2cabb8442@yahoo.com,PBBZJYE,UMXI,+639183339214
beecb9c21befb92d56262800d0eba109@yahoo.com,EEQIEJCFFHX,AFPXJIDBDEW,9276651248
3fa10cc1d66a57.594258@yahoo.com,LOAU,BFWNWMCX,9156536623
fa7ee8f65047e7af_db25e936539868273a@gmail.com,TRGR,QENAHVKCZAF,+639275770729
fa3e780dd568abb5575b53.2687c6c6ce93@gmail.com,DQHJRDSHKIYY,JGMNYFKTL,+639467016712
90974c04cb0b800736ad18d9b5a57bac@protonmail.com,LSWZKGLFWCI,JLQQH,639087929551
6b4f670a_a93b5f754f2b61fa@hotmail.com / 09285464786,KEMCUEWOD,EWKECZSKOI,
aed1e5bcce024c6c021230.f31f104111@hotmail.com,TMZNZSTFWIVC,MVM,+639485195486
b8b6aa546f317fcdac3ff4b1d0d28f284c33b88a@hotmail.com,RGQWGKFFUKWC,OIGM,09059616236
3b094c97f1b1f1ff3b412544a050f3b976b42f@hotmail.com,DYLMU,WFLNMEYVOR,+639189834424
2c6ec45bcb7f0bb5eff3d9.269b2f55009744d75f172c@yahoo.com,KWID,AX,+639171771207
f2917acae1f6df53269af8@gmail.com,FMFS,NBNGHMUB,+639384141810
2B316B823AC0D42AFCCA19.805BF60972FC3A7CD970B0ED@GMAIL.COM,DLLPZXRQJAG,PXMXLOPSXMY,+639067024115
a69a43eb.cc2b2308d8ede7d5062f@hotmail.com,JYENK,PBAKXTIROH,+639484691238
99ea268575988b40@hotmail.com,SDIDXVHB,WVDO,639077835265
0eba837197c89661d83766d1729d66@yahoo.com / 9185739713,YZW,RXOXQXBNKQV,
361B7F860B4040CE29A69A@PROTONMAIL.COM,MEOIBKQFHWV,LNULQTTV,+639059369492
17c0d8b6_de1ead5fd840@yahoo.com,OOAUQ,LOIQTIXZDP,0917 304 2982
1539f9ad43bdc6cace50_80a1bacd692cb125787b64c7d976@gmail.com,BRQOCUZZM,IGMFNHIFBVYGXA,9351179174
1a62ea55a2678e_1eddb328@protonmail.com / 0925 765 0454,BIIHPOXRV,JMUBRD,
a26c3351325c_c4a7ab7b3b540f6b@hotmail.com,KUCDGAVSG,JJMHANUZNBTPW,+639077905622
fd2841.01426cc269c99a8abe1a@hotmail.com / 0905 130 8749,SZAUNTZO,VYCKXESTE,
6E0EF1AC3D765C94B387684A_1E53D818E634@YAHOO.COM,QFOHPZMDGB,TZLVCRNEQIDO,+639184151610
2de1858bb20c418b9fad37505e6c05ea@protonmail.com,WYICS,ERLHWPPBM,+639275898893
c514523bfe63d0015937edba9998014c3d@hotmail.com,DFZ,VJOICNZP,+639183945037
85b4c09fa411_98bd9911927ce9c35f@gmail.com,HQYWMJEMFFG,SMBODWSBYUA,+639368976669
55BFABFE8CC28781F1347201E9D0A0A20A92@YAHOO.COM,WLMPXVSQOGIK,NGU,+639375554430
99017302bc319e_c0afd270fe9d627f6f@gmail.com,PWQCPTOHIAN,XHNZRFHXJM,+639188186274
b30b5c5db92d.04a064ae7223@yahoo.com,GRRFWDHOBD,AYXGKYFYB,+639165632101
7B20BB994213.EE878B3D1054@HOTMAIL.COM,YNWINZ,HDOX,+639179092902
dd51018008675df5c6@yahoo.com / 9465757376,ALGOBH,WLCIA,
fd30ddc318f1@protonmail.com,AHIUJKJ,KUWOBHINMCEL,09082292695
ab45522a2a81f100d502_1cb7@yahoo.com,FIMT,INIWGHJ,+639066164324
22ab2b81146af321633e2d.83c80a881a854f455deb90@hotmail.com,HZEHK,KZGNSICPWAY,+639071733015
83190cee5047dd0f_28873723afd8b2fa@hotmail.com / 639081042204,VATIUJ,PWWKRPBBZCJP,
77c4906d7dce820f64@gmail.com / 09065433976,RGEQOLMX,SKJG,
eef8bc0e87_7520e6bbe6913f94@yahoo.com,MNAXGRSNFR,LHBVIDZZFUX,+639187212605
8d9f0156f6be450352057f13f27be9@hotmail.com,KDZBQVSKJ,AGKIJ,+639056756658
9c5e6492ebb9b70eb7b839.f1a60a158e920b@yahoo.com,BXCKQDDGWXQS,CFXER,09278501656
690f2387b3_9aee8a0b4067e798ac@protonmail.com,OZHKIOTV,CKJPHCOP,+639084026259
7cd24afed98545d1077c0022.20fa97e5e62136b82c8c6c8799@hotmail.com,ILAMB,YQNZ,+639487226201
71ABE2CBE9460497.7DB5EB9597B2C862C61E6D@PROTONMAIL.COM,CDOSSEJOLGK,HTJTKPYVHT,+639257648179
6816da9efc7ab45125.b899de5ae713ddd4568104@gmail.com,QOMXCF,BIZXUYTUUDJ,+639457806790
e0078bd1894172b68ead_d9ad63afbf16522f9d1975f3@yahoo.com,WQYTM,VAUP,+639077309013
a50ad28851b40c5137805cc38474c1@protonmail.com,JQI,ZWIYBWKVETDORY,+639167252537
37bfdeca.ccc354e481a587eb2ac5af@protonmail.com,CRHHP,JOODMWOQOO,+639463320443
d8eb0544.2cf2606d2f@yahoo.com / 639356720484,SCK,PNADBCA,
ebc4b237.68de39b31b4c28736346c4@yahoo.com,CGUQX,XDXO,+639387366300
55716aa526896b59256cb451.b45daf171cf8350ff70443139d@gmail.com,YVNIFGKJEB,PZ,+639388309231
065f2647b8a3b57f17ea81.b219d9c4fd4446c3a3fbabdba7@yahoo.com,RIK,VEKSU,+639353252513
6af48fccb3_640e@hotmail.com,TAOZS,NNLKA,+639186089186
266ce5ea13cc589f@protonmail.com / 639177266592,NMGDEAEXCPP,WIYR,
28545384f2286abc905c.e2fbc4@yahoo.com,OWTZWBIGCY,CG,639272161070
5fc2b12578ba05_55addc1b03d1f2823d61c594d1a0@yahoo.com,QWBPVHKHVGG,LLSRGTPSMRXFRY,639483933131
1dc2415653a7f6ea9912315959cff465@gmail.com,QSCHAMK,YLTWKGEDZTKY,+639286753402
cf990802f0690e90a7aa_c0ed22fa98365344@protonmail.com,QHU,QMH,0926 790 7403
9226F1DA11.3D719162@HOTMAIL.COM,EAZFGEGBMNSR,IXG,+639161914163
f9c6b1407381_7776c626db23@protonmail.com,JJQWDANAFGTS,KZBZOQGFU,+639154113301
aec4ef75dcf85c78_51dc5ae919a9783774@yahoo.com / 639481254442,PRASIIVXEN,VRIZMCDVNYXOTV,
B5BF7E8F1B_7819316F316A740029@PROTONMAIL.COM,DJFKZA,NMXVTNGS,+639157994936
39801b969923_846c77f54a1948@protonmail.com,OXDSXDOZVJNP,SBUQJGBOZOIB,+639381022759
f49f809d2de5b7_0c5acc7a83176a923afe@hotmail.com,EQJJFNWPESY,YPMG,+639467316672
4658263f967de073325606254d0121cb22045b@yahoo.com,LSYMPKQ,AZKNBUKCYBJPCJ,+639375063303
0f137d0373c01b95bd245597df@hotmail.com / 9177599909,HZVTYDDMVRO,UPFTFF,
821ef1eb3f3d48db47@yahoo.com,KEQYSBYMX,ZEKEDOEBGJANXV,+639469302708
28aa1591.88c019b2c9f08e@gmail.com / 9054627284,NOIANALEAUDY,DIWWWPE,
9fb02626.2ad185@protonmail.com,YLZAFWBJY,SKWXUQXIVBVOA,+639252905056
771ccde54482217160a8.6743eca4836ae210a474@hotmail.com,ROSA,MNSDHJFBWF,+639054383864
046117e5d6dcd29cc28488fb0d18bd@protonmail.com,DBU,FKLGVAJI,+639478812866
A826980E3A4304484E34.5986ADF7B45F@PROTONMAIL.COM,MAGTB,GWOLSJCZYFF,+639481678962
a082cbe512fc3fa2e264@gmail.com,RWHLP,RU,+639483606442
14ac3f2d9781e1_1959f38a9e126d8bd4@protonmail.com,MBFKZICSMWP,KHRLQXD,+639268224845
1b03c0a14341_f8637c725035fd6e0d7b@gmail.com,AMJ,JQO,+639351641525
10336199.f48ef1da23b5130b@protonmail.com / 0918 905 7065,UAMGVQTDMYAP,XZKJIIFKXRDTEX,
de7d0502a73ff07d459d23a6.5ca836930b8147@hotmail.com,UMLNUGLTOQK,SP,09376211491
2002be_9935b3d3ce58d92696c530@yahoo.com,PCLEFPY,LHSMTNXQN,+639087055525
9ceb7b086527aa312a95e46e.296656@hotmail.com,VHAF,DYNXZZQJPZH,+639484077444
8259f77e_56a8f17cc5ed6a2a@hotmail.com,WJXZS,AYJKTLPGJG,+639257433608
82699B4D6C34104767.80EA960F79AEAEF370B528C88776@HOTMAIL.COM,IJPEFH,KGMDM,+639058668056
289ed26b19.069f2899e8e168@hotmail.com,EUCM,PKFDXQ,+639181950370
675f82ba97768eb2.df16d60b80@gmail.com,NQEMNWG,SBJTWEGACQ,+639454218672
BDC5BDD72DFF83EC531C0EEA_34179AF302B5043B40D4@PROTONMAIL.COM,DOO,NELPCI,+639358766752
296c34d6ac0810eef37b6b607e6888b1@gmail.com / 0947 618 7248,EYVJLQP,FTOSIJKPCRG,
a21ffdc69d615499_e5c4e08c1d4f3767@protonmail.com,XCXSPIK,PEJUWXP,+639172670724
a5aaa6e6_7dd81b@gmail.com / 0946 146 4880,MOCILTQXNV,XQINCPUUO,
6c0ac5.b91429c64cb05c@gmail.com,MDSPUYGLJSR,JKC,09187218614
9ea84690d7aa43e041dd.72a61f@yahoo.com / 639162654258,AWPWYBFD,PUDELJJTXTHDXZ,
4138313759a0521ef2f728753117194e40319d10@hotmail.com,MILRHLLFTRBM,VRDL,+639163007566
ad526b80.88f47b295f2f6244cf6c18@gmail.com,FXBEBC,FXWEBHI,+639277155549
b87f962ffca939bba1_895a01914a1db2fc0d3b47@yahoo.com,ZJII,TRSLW,+639482696098
88fb89_28bcec8c9b084f47dfbb35@yahoo.com / 9283020036,HPJDY,PHTRNWS,
a72c13a53f447e60d9f18595.fc902a12@yahoo.com / 639251929961,ERVXECVL,KCLPAYUKV,
04bd9e9c7322b7b0@yahoo.com,HAB,ZWQ,+639065132580
c30f996904354a6c3c42400307bc2be638@yahoo.com,EKFJWQZARX,TCXFVSTAM,+639181344955
b57c82ba936d13a01077b3ecd5044de959cabeaedc@yahoo.com,VYXGRBEGS,XHRLHRVWUA,0945 431 7164
949ecc50b660c5_2d28@yahoo.com,VNBDIW,PML,+639257751854
ceaa91adfd08d29f5b8aa23d3fae9679b03c@protonmail.com,JFOLLUKFSBEI,KKM,+639152085078
afa103ad5f9ee11d744e68d022b1e8ea534be04afcec@yahoo.com,AMUJHUZBFE,FPEMDREKQCU,+639378850003
90e931.035e@gmail.com,ZUENJYLDEY,DZVIW,9073841655
5c5d1d6b93bc28136c856b.0760b284d45568656aae5e0e1d24@yahoo.com,PZVWZ,ZRCODKHKC,+639386282546
7aac328b1014ad@gmail.com / 639279262256,DEYZY,KDTR,
951673_4607@HOTMAIL.COM,CNNZFASVUFLV,SARNDP,+639452753828
3b0641b5f830074a9c_55948f3e2ecb@protonmail.com,ZXVSU,OXCYTLBLXISRQ,+639089465419
7840f96bd68404_df4a1f65865322df98@gmail.com,GNFYAJNGLP,ZLEPQZ,639451398466
0E9164A68D626359A49748.4385ED75C6D312F7@PROTONMAIL.COM,YPWPPIABK,JEHZFSMBKS,+639464248667
863E6E4C4753_531E1C920856A87F1C5C85B43474@HOTMAIL.COM,FUXAGAHKQ,XKXERUSQDLTPS,+639456263150
6f65b2c909.2c6a45abaeedee41d4fd@gmail.com,VEJRCCWBJYRQ,MZBVZC,+639356629112
16E04148D4D0F1E8D72D3622605425379DA608CF51E2C2@HOTMAIL.COM,RZCBTGTIDBOP,IBGLJARJ,+639052057764
0E485FA54E5F3F_5E42747EFC5AD2874A@HOTMAIL.COM,TBWBPXKHSEN,SHKALGAOXE,+639176710239
0716bfdf.d44d87fe@protonmail.com,ZCAKCDBZDLB,UYVBKSFU,0917 371 7153
01282F45_4410@PROTONMAIL.COM,LKJV,EANN,+639075960189
ce6205293f_30f1f31e80201272@hotmail.com,YHIT,FMOBVVYI,9168695323
100c93a3f8_52034502bc@yahoo.com / 639483113224,OMRAXR,PIYBXRXYHNGZ,
2249a2b7ac900bab4758da78.d22ce941a7e95842f579bedc8c@gmail.com / 0908 318 4112,OCKMVEAWDO,SPNQDMQYMC,
eb475a3eaad4.d52820c7@hotmail.com / 9364283146,OYTTGNG,IKXFMEVPP,
34d74455d61db750756ade82becd6fe28e29ed56@yahoo.com,ZTPQWMCEH,GWQYH,+639175595814
cfb860687627978caea93c@yahoo.com,BNO,CPTPNHPOWXELWO,+639355200543
083a43d128_91250293a48c9a81ce394c9beadd@protonmail.com,NBAOHSAIG,UFPUUK,+639481965497
d66c406b427d973f45fee3500384eeae496e@yahoo.com,GQPXQDCOF,CSO,+639089030470
3f9ad93def_307c2a50@yahoo.com,YENLLRQ,FCOWTAVS,09173405190
c8e61c8243bfc2686e835fd9_9b8f6dfdc9@gmail.com,BAIU,OKESMLNVRCYC,09481378462
30f8c3d1f7fc38e1c78bad23ec2648@gmail.com,IKV,WLR,+639354274870
d57d042726b1ad1632103d1b81@yahoo.com,KRYRAOZXU,HCCYD,+639169522083
04d77367c5c70eaf.884d74af6f1f@protonmail.com,QZXKEJJT,ROCIBS,+639188701790
99cbbf94279dc5ad_84333db7@gmail.com,VOIYQAGBSQE,WZFZEAHW,+639181455031
4d2047f7d55ae7.011b11ce184535bd@yahoo.com,YXQWFUQRDC,CS,+639265036450
42f500fb9251ee.ce1272fc86@yahoo.com,CYAX,GXECPKERR,9067166193
2485b60e.258b29fe7fd1eecf@protonmail.com,CHTLJXEQRLOU,AVDK,+639066449336
ae4393d7ae1cf4dc59094b_4fbf@gmail.com,SMSWMUVQNK,AJ,0935 705 2064
43450693bf5f3a3a7f_9c40690bd6ace57e992c0b@gmail.com,UKULID,YAFRE,+639485933851
0b1d0479.5d5ff940674f5ad9@yahoo.com,LJXENREEHU,IN,+639053794668
144017.d0845c8a136c0806459fd764a704@gmail.com,GYXRVCSRB,GQXHSSQB,+639285407063
96C9526AA608F6AFA8881441@PROTONMAIL.COM,WSQPE,RO,+639483712757
acea2a90addbbe33@gmail.com,WNUGQ,HEBZBXOQIAZP,+639154456615
b21fb78a6bcb37ed7c3f76dcb8fef5@protonmail.com / 9281959429,HFY,QLQIASWRAI,
1dd39d3b8c1379@protonmail.com,EWNH,RA,9362652925
FC7E1B_07B3ECE8905F7CC996AA@GMAIL.COM,RAFFJHA,IQSQFMYMKGYQRA,+639269422880
e1c146e2a1_399787b4@protonmail.com / 639164066203,GGMFNL,GOQFNRCFR,
74d172fa395322_5365c746ed506ee8a1a34a62dc@yahoo.com,NWNYES,UBT,+639188094266
32a715da14ed002f1777220f0cbb@protonmail.com / 9369199757,KHNEOMIO,TOUTQ,
d97ce3.f272b07c003f@hotmail.com / 9374287731,ETWGTVIMAKM,BEX,
f1f1af74_322cb061e88c3a@protonmail.com / 9159202343,MRTWMWB,QLCT,
c84701f1f12f0f9260@yahoo.com,GXKD,SHLCSWCSDEO,+639459280604
f7b3f1a288b806c8c0.80514ecc2c792b@gmail.com,QTOQ,HIKTC,+639374993459
368770.cfc6614a@gmail.com,REFV,ALRTBBELRP,+639084576180
32133496f42251@protonmail.com,GPBJM,PFIVJKKBBZQJD,9372060461
eefc4127ea.9086f4@protonmail.com,JRSWN,KVUTDKWJPFFGWV,+639064942069
9ca7972fbb1edc_888d35912cb69e2f11a9c8c7@gmail.com,MMCUSFOT,KAWGAOUQMACBDW,+639279383410
C5F5915929_73FA561E712A93697EEA524DFE24@PROTONMAIL.COM,JDGHT,NUQHUAPURZWEL,+639175877435
0530cd5f1a3225ba6cda3d084dda@hotmail.com,HVFW,QMLGQCWUHGC,+639375817791
652a0d867af689363ba7dbc01b@yahoo.com,QSNHKVQ,GHMHALWNFKBDAG,9463998286
e77106f2f48f6fbc.5f48c4a5c3f0f8bbc311@protonmail.com,KCVDGSHRJT,OMNWG,+639161408568
a5f9984302.f218a162dc8185b2ae2e5ad146ab@gmail.com,VHSROLHKPLYJ,QMX,+639251949642
7f2a095b5c4b4c_d8790a30a4e1df0c9ed15a@gmail.com,FZSPPMKPV,BURJG,+639072671714
7A2CE744_A0B49E5B6DB6@HOTMAIL.COM,JWCVBTLQF,LZWFDLGX,+639262634094
9c6621a6.c90e50210d988b7a16@gmail.com,ZFXHSSHF,OTK,+639058547221
f32f904545e3e80c4beb4d.7448@hotmail.com,IEREEHQ,JWLOJGTTAXYWJC,+639463642780
fc92ef4d872ba1d300be.9d5974908a9753b8d41e@protonmail.com,OPMJPMRV,IVA,+639287641110
04f553392af52049f17f4016a9f60cc7@gmail.com,JBPD,ISJF,09178580945
6a51756bf4c6fdfe2ce3605c76f164a5a415@protonmail.com,WWIVXIYXBNZD,HSGE,+639367657764
3edbc9fcae79d575@protonmail.com / 9483418642,HTYSUVHAIZ,RFMP,
ab5b6bc8524d7c7e9580a4853b5f57@yahoo.com,SUCIXGJFJOCL,VOERRCBV,+639485164683
1f8553654264044d4c793c1139fc265970f0264f@hotmail.com / 09173897497,PRGLHDMMULFC,LXPRBGPR,
8b814395fdc8c3d0a3fca324f47845@hotmail.com,YNZCLOLLK,IAJAPJ,+639254338324
36f0b824de61_0680efbd9b34b51ccdce695bfbcd@protonmail.com / 09071646063,IFXTIYZVOSNT,TEPLMDOQCWV,
53f7f685.0e1baed17ad46495@gmail.com,GBCCCKHEOROC,MKLBZOWR,+639366113045
322d30c70e41450b@gmail.com,RGNKEJAYC,YKYSG,+639369321902
f6386c712cb25200290c0c4a8d39579a@yahoo.com / 639155152487,WWQWFUU,ARZRANJVLH,
b5feb67fb4572c2f048c735b.bbdb40c720@yahoo.com,ODMJJ,LFLFYPSU,639476251963
a946e535596b.ee3bc8@yahoo.com,APSUANLJGM,LGTSXM,+639363067585
660b77e2b9a19f88815c1d5646c4498a46c873d739@gmail.com,QJIYAAWW,UM,+639074081720
b74cf579b7.91fa9572af87@protonmail.com,GOURW,IHNAEFBZAB,+639065344134
4e79663c42d514ed02f32d42@gmail.com,ZTUIRXYMBUTF,EBI,+639389149208
ab81b4c60096b33c8202f434a586d96817@yahoo.com,WCCSGRAU,LBHVQPFRBDKUHX,+639178808582
285a010276150a.a95890eecc4a7666d6a2@protonmail.com / 9061476121,TORDVCP,MHDG,
ef0e3fac4dbe67_fdcf302b@hotmail.com,JMNXA,VMOFBP,639278028416
88b10cc645ea_2378a6@hotmail.com / 09486522741,DUDZTPFY,EDRU,
edf33b810e46497f36d2e2@protonmail.com,MHGAXHNI,FNLPVODQP,+639383404300
5b2856c1e2ad13ff0275916d@yahoo.com / 0915 976 5743,CKRDMAS,ECBTYSWKIYZZKV,
019C2D31044E356FC54C_1BED8F3B884CC5645F914738F448@HOTMAIL.COM,PLGOMG,ZVZBZBQSEGFA,+639079444305
75e67910805b8b494bfa928c054fd9@protonmail.com,KLHEWRU,WKJCHLZCYMIDPY,+639388971622
ada57e99e1db2e91392e5dc6c4e24d@gmail.com,HYNAQOZ,IXDZDIGNXYX,+639178415904
58B7EAF1FEF4EC6A.3C361B@YAHOO.COM,AQJPNB,XVNSTSKVW,+639184213662
A50B9282_1EB6DC96C14D41BE8F428219AB05@PROTONMAIL.COM,ICLPW,THROG,+639251605520
a421fcc186af042087a8fd70e5f89675@protonmail.com / 09086530450,AOWB,GCVKECA,
0c3e348b2413e8.8b8c7b981f@protonmail.com,NYAN,HLXCX,+639273871336
876dc44a0d466976.3add7198ddcc5df477632b9f9c80@yahoo.com,GUWTE,QPJAT,+639477223064
82a3b1bb82a7.cf5f7d5da7f22e2609d91bd801ca@hotmail.com,XXXRVLRRETD,DTIMQBSUIKUXC,+639488194765
e9599ceb00f8c54a@hotmail.com / 09488602207,OWJT,VSNCMGLNAY,
4F693328362FC7B8167D6B7860FEE169@YAHOO.COM,WBWGBG,QRJYIDPDO,+639289185748
7d829752d71e2d.277fc6e7573c@hotmail.com,XPTNAX,PZUSTRE,+639385410019
ae64b98d9c0f6173_64c2bdcd65ee@hotmail.com,ZWONFUNPJJ,VVGUCQILJIARDF,+639077204923
8a0b3be54276cfb215bf0117.735f881376899f8223@hotmail.com / 9258231778,JECEJKYBA,HTAVGINEHGDX,
D5BEFD0850FF20AD639EF0BD96@PROTONMAIL.COM,WAAZVZUTMKU,USSHEXZQXYRFJG,+639262972800
eb085d0f.b22c87312061ffd40c@protonmail.com,RGAAEWC,CSCGCVO,+639457223454
1A9149AC7A_6BE0E828E78981F36A@YAHOO.COM,VLEYSYAARYWS,KSF,+639461806636
4C4C7D1AC5874E.49067FDA@YAHOO.COM,DTUWEX,XUGWTAJOPUYAM,+639479172335
E96F2DEE8815227D1321C732.F0C095E5D52FA01A@YAHOO.COM,BOVISE,XWVRQF,+639068391508
7cf3ee2f0ce0820d.76623328b14847@hotmail.com,STNII,YENFXGGRTFUZ,+639288272394
7a230aca110f_11fa79fde805@gmail.com,NKXENS,AUQBYBCUTA,+639263585688
c2eddb8f1e49319de0dc54bfd7e9367820b754f42f5f@hotmail.com,TVVJYYTS,IO,+639169959497
B93462D1C8B1B4.48C9784FADEB6D51@YAHOO.COM,PVTO,GHEOLIV,+639467737182
d03f89d2ef583f111b@gmail.com,KLVH,UEG,+639289114730
ca9a1591b86151_0b29c29ff5e379a5@gmail.com,XGXAHUJVRIE,OBULCLAV,+639168268987
0aa3c77c65f0b96631_3457484851@yahoo.com,DZQITM,TQECMMTFQI,+639084926616
F97ED2BD81293D_DC9FB3A0C7@PROTONMAIL.COM,WMKZKHIKYE,YWDMXKNBXIDNUT,+639287878723
1072b8654564c8387d_3d50309ac5d2ed3f62491d@yahoo.com / 0947 810 8084,JOZIW,FIRTU,
a73d93401f_4ac9b00d6d3b3d1c80c6b958de2d@hotmail.com,GCTL,WXD,+639161392404
87C25975E530F06197F0A4A0.1C439069A57E5C658967C8@PROTONMAIL.COM,HEKDSKZJGVCC,ODUIY,+639276479132
2f9b0cdd678f23bd03.db13@protonmail.com,RILIODGLPZXZ,IOITIHZWCUZD,+639175318764
13c1d0ce16.3ebd1698037f01@hotmail.com,ODCA,UKNYFLEC,+639453740747
3c69f30abc6ae0e1479d4b.2d44883979d5956e816f6b1855@protonmail.com,UDIJR,QWEKIT,09386894783
747cc1e5db8051.a25a81ebe4fb97350bd5526a58@gmail.com,ZSVWSKIYLT,VWZONO,+639269165434
7ffb3317205c4c6237ec4c8f7b@gmail.com,XWZMUMX,UPDJBTIIBXBRM,+639088509059
add08e8c52280d0e1e10b549_68752de6faeed59a7fabc6134703@yahoo.com,VLOZEPWBEC,ISGPYBC,0935 282 9659
4b7202639e3f782a16e555a0.85a5d4e48665de7ed3ddd96c0493@yahoo.com,OUAX,YIJUGBDGM,09454778985
d1d2b6951de4d7e7@protonmail.com,QTZ,SYUNPGAZW,09458243897
b3415ab236bdbc875f3f90446ec00a4196cea52d@gmail.com / 0928 508 3987,LEJBPBSFCYYH,ZKAJTGKTVLYPS,
436c164dd8e241d49ff53129.791ef14a6243c4981349a02b@protonmail.com,AFIKBTWJ,XWRUWZZZ,639155151794
5E705928E2E0A09E@HOTMAIL.COM,TBI,RATWK,+639259464464
e556027ad6a352ca_1016ed6cfe5d59a007b94108@hotmail.com,HZIMPC,HCRUHWKCVXGDLP,+639286052227
abfcb554ceb1_cfad2a4f896696a2a2cea2d997@gmail.com,JLEZLV,WPMAH,+639161603865
239eead5fa_b76f498340de@gmail.com,XQBOOUSTQVA,GKPPWVMBLTI,+639061517387
2aad638e.8d2db793a46055@protonmail.com,BAVDZMO,OOUQT,+639053189223
09E616.57BEAC6FD642F65F@GMAIL.COM,MZCLGFBRSIY,NDQAEBWF,+639366621037
ccab6d45a38cbee533_329d664a6291c99a32d7adbbbf@protonmail.com,PUFFUW,FJNUVVLLTPT,+639467601731
adfe1d281e8a51d0c43d3ebdeb6b14@gmail.com,TESLA,CXMEOFI,0928 462 9089
cde38f2916_d4e03de169aa8341195c0a@gmail.com,PNJTVTCJTF,IYDHGOITKPZO,0915 616 5075
625b402d05f3109326c66e7bce50b73774427a0866033de9@gmail.com,NBNCBSCI,PLERHSGQTGV,9155445098
573f359ff9_6625343536e2b40a2d7ef008@protonmail.com,MLIINMP,BWPQTXOMKXKMDK,639073097725
9B6AB10B2E_96FE75433C871EEC7CF2BD@YAHOO.COM,XOIVM,HK,+639483865334
b9fa781b280b1020.234770cc9b269c966aea192f@hotmail.com / 09483248405,KYSSHLLC,JVV,
4ff38a96960bfeb4993f23.243a3c4219cbc1a5@hotmail.com / 0906 937 8969,KEKEC,FYVDHB,
6dd1e0ebb2b4f0_7033c20a970999@protonmail.com,MTFI,QUQV,09482542084
6B3A0111BAAA_2E42A067@HOTMAIL.COM,CHYVYYQ,FMNIXTMDTMOYMK,+639273580209
a1a64f16de2bebb6a9.543ec1e6b62bfb@hotmail.com / 09378853757,STG,MWJEXRYPLLY,
8C32C35657@GMAIL.COM,GYCU,MFGJRNNK,+639171019460
0972de7412e55f6bd54d73c2606d@protonmail.com,BJQTMEEU,UTNSKUSF,+639159382270
633f852c3b8e1118e4bb71749defbd2efd351558fa@gmail.com,QHQYHYXXK,KQPCXHHOBYOZDB,9352708113
23ec01e7e921d27889_0419b6e49287@hotmail.com / 9077640278,JBZEO,QCXVIGEONNL,
d43630909ff274.3ef231@protonmail.com,OWOHNNVURKVA,BMUUCUVITVCM,+639284988499
A556826AF0D5BB8D_D478840E340146051D3E36ED@GMAIL.COM,DNIM,WEZDLKB,+639372359616
149f44bef38730284d280adf@protonmail.com / 639289847514,ILV,CXQGYCLAI,
abec1e_38b365328a36744a799220c0@yahoo.com / 0947 647 3169,COOTKDP,GHEZHGMTSTKWYG,
e9b457_43bb105d3e4ab419fb1540@protonmail.com,MCUZHPW,PICUFZJZM,0928 484 3398
43950EF3.CC4D836C4452673A@PROTONMAIL.COM,IAUTQBQ,WVGSTWJWYFXK,+639077058536
e2891ad91bc2.c464cd8be3df62c4@protonmail.com / 0905 195 8273,NPEST,WDNFVXEVXWEVS,
985bc49a8602bbbb9501baee_bd5d@gmail.com,JNJDGHBY,QWMBIL,+639281995296
90c6a10650_432c3a933af69723df@yahoo.com,XMTFPTVVW,SABHUDNTKMDVF,+639169872890
03950c36.d610d04b0167d0d93160963c9452@hotmail.com / 0926 593 7898,FHOJ,HALMJNRSIYDQ,
b8357d164173826d0903_9c4e6ef6@hotmail.com,YYIF,WGYD,+639283075011
ccd7c813c39a8805_61012dc63901@hotmail.com,YKSRZ,LHNGXU,0915 244 9167
f31dab62427d34.ca53fa1cbb96c3fcc0@hotmail.com / 0935 923 5322,LONPW,QSHDDFF,
d3811ac6c12c49e336ff5a6c070983387a1d3978@yahoo.com,KYKAGSWJVAQX,VWRTMQICSJT,+639456050750
89230a7bd189c7e523219e10327e4827e03b49c8@yahoo.com,TDF,CSHTPU,+639351638822
713491b37947ad29ebfb9c4c8a748a353712@protonmail.com,NEBNOYBSBUR,XEK,+639183757328
0b750a4f2c7378b7.28dbf852738251b47e7120@protonmail.com,BEFYQIOZ,LEWAFVMNTJY,9178438221
227785BD5F4524614D59235BFB30@PROTONMAIL.COM,FQJNVYK,JQ,+639175371804
8FDE8501F0C440_8A705551097926A339AA@PROTONMAIL.COM,SOMESSAG,AW,+639069966779
389a920575.08f624800432e014ccd429efc2@protonmail.com / 9464985373,LSOARBGD,XVQFRAYJWUHWBH,
6187188956AA544A_6EE35F1B681FAE816FF1@GMAIL.COM,KVVWZIHWMJZP,IOMB,+639484821217
6c26a47801b9092150592cd780@yahoo.com,ASNSO,QJTGUTETNMB,+639178102209
F37F7B_C60769@YAHOO.COM,FHLGFGKUKPTF,NDBMWPZEYSSTEI,+639287359464
6D4331D4EBCA4ECDAC11@HOTMAIL.COM,RTDPRPM,HKMIJYRTE,+639362788026
d8bd02e0f24c267620d6514220a26d2c5c78f3@hotmail.com,THIE,DGS,+639081515491
0ac990284c7f7850.af42@protonmail.com,JQHZ,DZ,+639079215053
b99dccc6af50832a8699.6c296829de@gmail.com,NYMUPIZ,NCILYKMEYZ,+639282764040
1822978796C20F3F4C5F5C33DE19F2F50170B922FFD233@GMAIL.COM,TOXYHZGA,PXCVINR,+639268398055
650a8d.ba88ee13112197@hotmail.com,XFOZUJOXUCZ,EGBE,+639165603504
e7978461c8e9a4a767af@gmail.com,VMYDGUNMIHSG,OL,+639061117836
e620377913693794c132b47b6b78de30f8@yahoo.com,NVOIHH,PV,+639056739172
1e13dc2717378e818c2ea73c547295@yahoo.com,DZMKWGFQO,TUL,639277228600
1cb0e2cc978252_9ce6f022c1c520bfcad6e86e@yahoo.com,HFF,XOV,+639061368198
24AAE25D.CEA57097277457387F3BBE@GMAIL.COM,MLW,EBLUI,+639187398168
50f1fd335cb041013fd2f723.c8b9102aece73d80776bf9@hotmail.com / 09179148486,TUXZJRA,GBPXGFQ,
a2f83570.43933c12046171c9d01c5e297358@yahoo.com,IHITBEOOUJG,WGWHZ,+639381068118
5524adfa09.065d45cc719d270f0b4c@hotmail.com,DZZSFK,LZSWJZYLZTC,+639458861129
7f94498db2d70ef69bdfd8c71a68c47d6f96@hotmail.com,LAPWOLWQNT,UGARVINNW,+639177572711
042b9fdef1.95c7aa5b@protonmail.com,BMMQGIZR,UGXPJOQNJS,+639253078768
b3bad4c1_dafe27276f8d0b40@yahoo.com,JFDWMMZGW,VHUK,+639378920608
3efb423d4386@hotmail.com,HUVCKCQU,VXCH,+639163188179
cf00bc7c84f5de0b46a6@protonmail.com,VEKT,EETW,+639055823576
0175363c9ccddd84bea3ff9ffabf1d6427@gmail.com,DIHIUFYAK,XR,0945 327 3439
8fc998bb8563464c54ac72f582d1153b950a41@hotmail.com,CTCBYVQIGTQ,MIDFNXCX,+639374434099
64c09663e3@gmail.com,UDWONNZYRI,IHTGWUL,639483071331
ec29ac325b.e3e7@protonmail.com,NFIHZLC,WXUNL,+639466286871
82e33411347efbe1_f25d0e@hotmail.com,YCZDOF,QG,639268607976
bbf6458cf7ee767adffbea87d6f7e1@yahoo.com / 09156841294,KPHHRTNZY,EMJAGDFILCIQ,
48AA0504DDC853AC7295A5.2D877FEAB9939CB5153E0CA819@HOTMAIL.COM,TFSVAJDB,YDPDRZ,+639058120900
d56db8a879589a8bed4e90_23e70aaa629fcef1cd@gmail.com / 639357210458,OVJYQSISWXAR,WR,
